4500,q(1/Angstrom),S_NiNi,S_MnMn,S_NiMn,S_total,900,q(1/Angstrom),S_NiNi,S_MnMn,S_NiMn,S_total,800,q(1/Angstrom),S_NiNi,S_MnMn,S_NiMn,S_total,700,q(1/Angstrom),S_NiNi,S_MnMn,S_NiMn,S_total,300,q(1/Angstrom),S_NiNi,S_MnMn,S_NiMn,S_total
,1,0.639380293,0.682425344,-0.566514777,0.094388042,,1,0.425951574,0.376517478,-0.325286046,0.07594848,,1,0.419425046,0.370112922,-0.31867987,0.076089113,,1,0.411952127,0.363181817,-0.31210637,0.075460602,,1,0.4213052,0.357125563,-0.314327564,0.074887818
,1.046823,0.547024776,0.616855809,-0.512318625,0.069621667,,1.046823,0.444575494,0.425843558,-0.394699496,0.040510029,,1.046823,0.437969626,0.412514573,-0.385305199,0.0399369,,1.046823,0.428710231,0.405328365,-0.378930624,0.038088674,,1.046823,0.442022709,0.400238739,-0.384597693,0.036533032
,1.093645,0.535331921,0.594446252,-0.468719978,0.096169109,,1.093645,0.4149424,0.43109751,-0.344197946,0.078822009,,1.093645,0.412035005,0.426491909,-0.342757615,0.076505842,,1.093645,0.409475231,0.423109644,-0.342670365,0.073622072,,1.093645,0.406039786,0.417760651,-0.345457879,0.06644234
,1.140468,0.612807519,0.639375446,-0.567746252,0.05834523,,1.140468,0.434916226,0.395017496,-0.383873468,0.031093393,,1.140468,0.433264893,0.399713613,-0.387010936,0.029478317,,1.140468,0.42687996,0.400160583,-0.385220064,0.028300207,,1.140468,0.428001346,0.398190674,-0.387589046,0.025506964
,1.187291,0.657613014,0.690744307,-0.587604274,0.086574386,,1.187291,0.472999529,0.444943195,-0.411750512,0.04722085,,1.187291,0.465966349,0.434034789,-0.403353963,0.046646606,,1.187291,0.457945236,0.427946102,-0.39696259,0.045983079,,1.187291,0.470329998,0.435512513,-0.404989529,0.047931726
,1.234114,0.556234779,0.604132361,-0.505870471,0.074313099,,1.234114,0.534036124,0.516081993,-0.48682363,0.038235428,,1.234114,0.519994965,0.50197275,-0.472950987,0.038032871,,1.234114,0.519071261,0.496296977,-0.468491015,0.039193104,,1.234114,0.528862785,0.481324617,-0.466882206,0.038211495
,1.280936,0.564108938,0.576451725,-0.504343957,0.065936375,,1.280936,0.589702772,0.549126626,-0.53635008,0.033064618,,1.280936,0.578160976,0.529310545,-0.521138676,0.032597084,,1.280936,0.576643539,0.521182915,-0.517314637,0.03159859,,1.280936,0.576760012,0.504429256,-0.512242108,0.028352526
,1.327759,0.620463745,0.62854371,-0.544538448,0.07996528,,1.327759,0.621227649,0.54606363,-0.540318499,0.04332714,,1.327759,0.610723143,0.527177482,-0.526614569,0.042335744,,1.327759,0.602182798,0.514956528,-0.517516442,0.041053221,,1.327759,0.561695344,0.499115147,-0.492174715,0.03823053
,1.374582,0.619804996,0.633726432,-0.556380933,0.070384781,,1.374582,0.574589924,0.534527182,-0.520930119,0.033628434,,1.374582,0.566984794,0.52367352,-0.512795775,0.032533382,,1.374582,0.560503866,0.510982595,-0.505024597,0.030718634,,1.374582,0.51797702,0.480648157,-0.472093577,0.027219012
,1.421405,0.545101025,0.555443141,-0.476729425,0.073542658,,1.421405,0.48692052,0.469664207,-0.442282635,0.036009729,,1.421405,0.487160778,0.454530805,-0.437283971,0.033561821,,1.421405,0.479110909,0.45099869,-0.433050272,0.032004528,,1.421405,0.450553161,0.432334273,-0.414870868,0.026572849
,1.468227,0.531865038,0.553761544,-0.461136232,0.081677058,,1.468227,0.539160529,0.504778411,-0.486764686,0.035204784,,1.468227,0.538253782,0.507055244,-0.488467265,0.034187248,,1.468227,0.526903363,0.520962097,-0.490809563,0.033123167,,1.468227,0.503846009,0.494167979,-0.472615859,0.026391135
,1.51505,0.561952912,0.593190893,-0.496065961,0.081505942,,1.51505,0.654794297,0.594840098,-0.594152183,0.030665014,,1.51505,0.645271449,0.587057971,-0.587180059,0.028984651,,1.51505,0.647241853,0.595240057,-0.59427161,0.026969345,,1.51505,0.625295042,0.570774769,-0.575414975,0.02261993
,1.561873,0.522578727,0.583803978,-0.470398572,0.082792781,,1.561873,0.60157422,0.560547522,-0.542581621,0.03847925,,1.561873,0.592710039,0.54274007,-0.531754211,0.035970844,,1.561873,0.600274058,0.536918902,-0.535998206,0.032598274,,1.561873,0.571424221,0.537839921,-0.524801889,0.029830182
,1.608696,0.536021274,0.6026714,-0.492411471,0.076934866,,1.608696,0.55630185,0.505579414,-0.491822211,0.039118421,,1.608696,0.563139636,0.507378931,-0.497562972,0.037696312,,1.608696,0.570034061,0.511136949,-0.505169543,0.035415962,,1.608696,0.568635754,0.52709408,-0.512120216,0.035744701
,1.655518,0.549134809,0.597111352,-0.480698119,0.092424961,,1.655518,0.648324283,0.586143778,-0.573408644,0.043825387,,1.655518,0.651687062,0.586468976,-0.576157834,0.042920185,,1.655518,0.646895974,0.580625361,-0.573567437,0.040193231,,1.655518,0.649599405,0.583022521,-0.576135296,0.040175667
,1.702341,0.547463759,0.561788932,-0.461458647,0.093167699,,1.702341,0.616943102,0.567887797,-0.544430909,0.04798454,,1.702341,0.601067041,0.559857682,-0.532083839,0.048378522,,1.702341,0.583545328,0.555434521,-0.521207799,0.048282126,,1.702341,0.565420083,0.574977824,-0.521861328,0.048337625
,1.749164,0.564187395,0.574269415,-0.462835431,0.106392974,,1.749164,0.548635632,0.521599407,-0.488632451,0.046485068,,1.749164,0.537417428,0.528325912,-0.485697873,0.047173797,,1.749164,0.531075273,0.523963448,-0.480448805,0.047070555,,1.749164,0.512430553,0.550277058,-0.486386975,0.044966831
,1.795987,0.529326748,0.629107839,-0.468396257,0.110821036,,1.795987,0.61733314,0.616273965,-0.568098942,0.04870461,,1.795987,0.616040252,0.629111603,-0.574215869,0.048360059,,1.795987,0.613408736,0.629875897,-0.572889148,0.048753168,,1.795987,0.612411538,0.64142217,-0.586842365,0.040074489
,1.842809,0.523950604,0.635390267,-0.461413081,0.118257354,,1.842809,0.660470812,0.639018634,-0.596156563,0.05358816,,1.842809,0.662715133,0.641865206,-0.600177079,0.052113091,,1.842809,0.64315275,0.640387742,-0.592105475,0.049664771,,1.842809,0.621657868,0.643715933,-0.590187772,0.042499128
,1.889632,0.562939315,0.601452059,-0.450543671,0.131652016,,1.889632,0.582831995,0.541954805,-0.507461411,0.054931989,,1.889632,0.590847183,0.547365025,-0.514872748,0.054233357,,1.889632,0.580078533,0.552027517,-0.514227672,0.051825352,,1.889632,0.536507563,0.540537419,-0.494758093,0.043764398
,1.936455,0.530027994,0.59356149,-0.437721078,0.124073664,,1.936455,0.576365059,0.585638511,-0.523782644,0.057219141,,1.936455,0.589755211,0.594771099,-0.537192253,0.055070902,,1.936455,0.585667346,0.583897816,-0.531915385,0.052867196,,1.936455,0.567456207,0.55351984,-0.514111028,0.046376996
,1.983278,0.462501815,0.560921073,-0.390163194,0.121548249,,1.983278,0.630335695,0.64037137,-0.573547748,0.061805785,,1.983278,0.651785589,0.659291466,-0.59941309,0.056125438,,1.983278,0.638165661,0.633619677,-0.579478746,0.056413923,,1.983278,0.623516278,0.596129118,-0.558596686,0.051226012
,2.0301,0.484423268,0.561146515,-0.385692803,0.137092088,,2.0301,0.643028736,0.633656446,-0.580183562,0.058159029,,2.0301,0.667368252,0.648628884,-0.605726158,0.05227241,,2.0301,0.640341348,0.611493386,-0.575754949,0.050162418,,2.0301,0.582484048,0.563966906,-0.531629765,0.041595712
,2.076923,0.515087113,0.60676848,-0.406366561,0.154561235,,2.076923,0.590492185,0.559822499,-0.505198248,0.069959094,,2.076923,0.627270137,0.572123563,-0.534972025,0.064724825,,2.076923,0.619241789,0.549244486,-0.521278126,0.062965012,,2.076923,0.611862354,0.547665305,-0.522165176,0.057598654
,2.123746,0.568643416,0.662970535,-0.450657469,0.165149507,,2.123746,0.554458506,0.531076054,-0.472573939,0.070193341,,2.123746,0.563278183,0.530621163,-0.485258901,0.061690772,,2.123746,0.572062246,0.540456092,-0.495844189,0.06041498,,2.123746,0.582800723,0.539862711,-0.50737877,0.053952947
,2.170569,0.59460539,0.680854317,-0.448281814,0.189448039,,2.170569,0.550619248,0.519337518,-0.467604372,0.067374011,,2.170569,0.550692234,0.522158299,-0.472601485,0.063823781,,2.170569,0.542072978,0.532762103,-0.477487263,0.059930278,,2.170569,0.520277929,0.50447189,-0.453132901,0.059242008
,2.217391,0.573573904,0.640805902,-0.401290126,0.205899777,,2.217391,0.596004509,0.587918194,-0.51766147,0.074299881,,2.217391,0.572883243,0.579516105,-0.501520411,0.074679263,,2.217391,0.554367312,0.588349145,-0.499234974,0.072123254,,2.217391,0.557179202,0.586437974,-0.504708331,0.067100257
,2.264214,0.578614818,0.594365779,-0.367476494,0.219013805,,2.264214,0.60396802,0.652084888,-0.546664699,0.081361754,,2.264214,0.56168437,0.626829972,-0.514845991,0.07941118,,2.264214,0.532349539,0.620428896,-0.496558539,0.079830679,,2.264214,0.523672614,0.575899001,-0.479783389,0.070002418
,2.311037,0.612800979,0.600815709,-0.339058802,0.267749542,,2.311037,0.588693015,0.642083985,-0.512719486,0.102669014,,2.311037,0.56146926,0.633621289,-0.500400824,0.09714445,,2.311037,0.51981355,0.617923096,-0.473660306,0.095208016,,2.311037,0.490727431,0.545915731,-0.440254819,0.078066762
,2.35786,0.593213,0.615566328,-0.311920909,0.292468754,,2.35786,0.51764328,0.526674684,-0.405497557,0.116661425,,2.35786,0.493201879,0.531548591,-0.402578864,0.109796371,,2.35786,0.463289614,0.538829157,-0.390338161,0.110721225,,2.35786,0.446941984,0.541148434,-0.396892604,0.097152606
,2.404682,0.633325358,0.649751075,-0.305229732,0.336308484,,2.404682,0.513531175,0.540502593,-0.407151662,0.119865221,,2.404682,0.520741591,0.542146674,-0.416404913,0.115039219,,2.404682,0.518079789,0.544236374,-0.420412571,0.110745511,,2.404682,0.53694148,0.58152919,-0.46059775,0.098637584
,2.451505,0.667963464,0.674844657,-0.275302865,0.396101195,,2.451505,0.582624913,0.653449007,-0.48388026,0.134156699,,2.451505,0.602503457,0.650218443,-0.496355851,0.130005099,,2.451505,0.603465559,0.635922651,-0.495539848,0.124154257,,2.451505,0.600156743,0.67302713,-0.533820749,0.102771188
,2.498328,0.613045219,0.673103714,-0.234522586,0.40855188,,2.498328,0.586466718,0.691612131,-0.486514552,0.152524872,,2.498328,0.588012565,0.666630752,-0.483324909,0.14399675,,2.498328,0.56807841,0.65305371,-0.469136016,0.141430044,,2.498328,0.532685438,0.642148778,-0.475143356,0.112273752
,2.545151,0.608059714,0.721678267,-0.23428886,0.430580131,,2.545151,0.573556663,0.670912524,-0.45642249,0.165812104,,2.545151,0.560721399,0.642216162,-0.447401611,0.154067169,,2.545151,0.542367588,0.637503,-0.438231373,0.151703921,,2.545151,0.511311621,0.62414427,-0.434091227,0.133636719
,2.591973,0.640450042,0.789713572,-0.244426479,0.470655328,,2.591973,0.551588614,0.634480481,-0.390905249,0.202129298,,2.591973,0.543891928,0.613676377,-0.38683394,0.191950212,,2.591973,0.517797093,0.596735622,-0.371890566,0.185375792,,2.591973,0.477103758,0.583773738,-0.372084501,0.158354247
,2.638796,0.676186335,0.718344961,-0.19406794,0.503197708,,2.638796,0.542810769,0.628215404,-0.336809585,0.248703501,,2.638796,0.535073149,0.649981274,-0.346438759,0.246088453,,2.638796,0.507799211,0.659213864,-0.346998032,0.236508505,,2.638796,0.473359915,0.642019725,-0.367108963,0.190580857
,2.685619,0.714580719,0.737634588,-0.139932083,0.586175571,,2.685619,0.624349404,0.633786158,-0.333636366,0.295431415,,2.685619,0.630844179,0.666824101,-0.352001566,0.296832574,,2.685619,0.61460958,0.676909281,-0.345256285,0.300503145,,2.685619,0.625451907,0.618582361,-0.35649933,0.265517805
,2.732441,0.77833296,0.900040288,-0.179880724,0.6593059,,2.732441,0.705286833,0.664430637,-0.351332875,0.33352586,,2.732441,0.725189846,0.680331925,-0.381580329,0.321180556,,2.732441,0.737495518,0.688511274,-0.383743473,0.329259923,,2.732441,0.742195287,0.637134153,-0.381459782,0.308204938
,2.779264,0.894708547,0.893132883,-0.112130193,0.781790522,,2.779264,0.627157958,0.734375238,-0.258687102,0.422079496,,2.779264,0.64838205,0.73864975,-0.271562166,0.421953734,,2.779264,0.661214467,0.760895198,-0.288544324,0.422510509,,2.779264,0.612574995,0.737127068,-0.323904015,0.350947017
,2.826087,0.886471692,0.802530071,-0.005877223,0.838623659,,2.826087,0.682101258,0.745798244,-0.223166878,0.490782873,,2.826087,0.695475169,0.728272358,-0.214736253,0.49713751,,2.826087,0.695751021,0.706202834,-0.214022774,0.486954154,,2.826087,0.650924417,0.678420862,-0.255506799,0.40916584
,2.87291,0.889328793,0.885151421,0.040495104,0.927735211,,2.87291,0.743185295,0.761620695,-0.159101255,0.593301739,,2.87291,0.718791279,0.770755411,-0.15183153,0.592941816,,2.87291,0.748242008,0.753974507,-0.152332999,0.598775258,,2.87291,0.849351503,0.718078813,-0.194799302,0.588915856
,2.919732,1.09361436,1.062597671,0.066428126,1.144534141,,2.919732,0.812209516,0.910155909,-0.005116474,0.856066239,,2.919732,0.762300391,0.937350008,0.006708114,0.856533313,,2.919732,0.782777674,0.947031798,-0.007677178,0.857227559,,2.919732,0.822775251,0.864791871,-0.041034097,0.802749464
,2.966555,1.229641671,1.213168713,0.141869711,1.363274903,,2.966555,0.904658862,1.007608014,0.124902563,1.081036001,,2.966555,0.88929343,1.021302617,0.139809854,1.095107877,,2.966555,0.834322708,1.01078814,0.121614069,1.044169493,,2.966555,0.72713137,0.994786999,0.17043352,1.031392705
,3.013378,1.296406327,1.347875697,0.250872227,1.573013239,,3.013378,1.096358577,1.168439187,0.373258048,1.50565693,,3.013378,1.124529216,1.223330481,0.417491559,1.591421407,,3.013378,1.064536885,1.221946791,0.40548146,1.548723298,,3.013378,0.977487137,1.297742028,0.442410501,1.580025083
,3.060201,1.333712999,1.374703669,0.313837586,1.66804592,,3.060201,1.383239238,1.460829647,0.628493048,2.05052749,,3.060201,1.436900681,1.546246095,0.705108872,2.19668226,,3.060201,1.425220264,1.559634075,0.708240168,2.200667338,,3.060201,1.366826942,1.652898713,0.735134109,2.244996937
,3.107023,1.444918234,1.345818021,0.509653397,1.905021525,,3.107023,1.839979984,2.05201628,1.001852619,2.947850751,,3.107023,1.858161201,2.098617033,1.05370062,3.032089737,,3.107023,1.841223509,2.083881406,1.05738423,3.019936688,,3.107023,1.796917304,2.158048115,1.06730599,3.0447887
,3.153846,1.628525478,1.370219247,0.642332529,2.141704891,,3.153846,2.596599921,2.696322353,1.64260446,4.289065598,,3.153846,2.54011473,2.725027343,1.624435331,4.257006368,,3.153846,2.476877961,2.669565795,1.579597392,4.15281927,,3.153846,2.511151275,2.613057797,1.568467124,4.13057166
,3.200669,1.756230357,1.457687538,0.689633954,2.296592901,,3.200669,3.239581339,3.052096939,2.190592291,5.33643143,,3.200669,3.092260904,3.05495295,2.099727397,5.173334324,,3.200669,3.00368785,2.965097804,1.977844738,4.962237565,,3.200669,3.011754163,2.848710336,1.917154436,4.847386685
,3.247492,1.614646481,1.510630036,0.641334579,2.203972838,,3.247492,3.231479294,2.996467842,2.179413059,5.293386627,,3.247492,3.208331051,2.988576537,2.161281159,5.259734953,,3.247492,3.218614514,2.90569406,2.121274209,5.183428496,,3.247492,3.274420237,2.769826471,2.132631653,5.154755007
,3.294314,1.694516021,1.474761075,0.612956025,2.197594573,,3.294314,2.761047252,2.387614529,1.668199887,4.242530777,,3.294314,2.862482519,2.38370368,1.702239409,4.325332508,,3.294314,2.911564768,2.294865025,1.692837133,4.296052029,,3.294314,2.980467325,2.185199184,1.670987384,4.253820639
,3.341137,1.895388354,1.456174887,0.691865346,2.367646966,,3.341137,2.346407989,2.148146483,1.354049603,3.601326838,,3.341137,2.350193415,2.087544711,1.270166095,3.489035158,,3.341137,2.302071419,1.992063443,1.193787987,3.340855418,,3.341137,2.193446078,1.88067712,1.037609251,3.07467085
,3.38796,1.688380979,1.47384451,0.61277021,2.193882955,,3.38796,2.156229657,2.063798328,1.156486384,3.266500377,,3.38796,2.150132587,1.978511214,1.11207138,3.176393281,,3.38796,2.021100711,1.905517794,1.051149199,3.014458452,,3.38796,1.868240209,1.906909984,0.960293808,2.847868904
,3.434783,1.589380286,1.395641983,0.49588933,1.988400465,,3.434783,1.722893572,1.511551172,0.687269767,2.30449214,,3.434783,1.764977911,1.483022422,0.700942709,2.324942875,,3.434783,1.696194298,1.487910189,0.680407084,2.272459328,,3.434783,1.664671109,1.623373552,0.64107218,2.285094511
,3.481605,1.588477943,1.224709558,0.352022509,1.758616259,,3.481605,1.370870776,1.269818429,0.37376335,1.694107952,,3.481605,1.426605627,1.306356008,0.399458804,1.765939622,,3.481605,1.422119753,1.311996316,0.380609792,1.747667826,,3.481605,1.396189446,1.404610678,0.380855566,1.781255628
,3.528428,1.408340486,1.098715152,0.271598559,1.525126378,,3.528428,1.186557735,1.170347829,0.219270761,1.397723543,,3.528428,1.254090346,1.148988086,0.227733222,1.429272438,,3.528428,1.268353905,1.132482517,0.221290545,1.421708756,,3.528428,1.185135089,1.131428708,0.243158041,1.401439939
,3.575251,1.289106167,1.136765328,0.283885101,1.496820849,,3.575251,1.069664706,1.146034539,0.183273618,1.29112324,,3.575251,1.122664965,1.106576735,0.175135878,1.289756728,,3.575251,1.159065307,1.116030155,0.157104929,1.29465266,,3.575251,1.11603474,1.092413618,0.100937399,1.205161578
,3.622074,1.306176755,1.143568242,0.204868337,1.429740835,,3.622074,1.015120655,1.09218237,0.073969828,1.127621341,,3.622074,1.00551935,1.083038271,0.100532816,1.144811626,,3.622074,1.001286744,1.100740299,0.07939507,1.130408591,,3.622074,0.934631918,1.097008042,0.051427857,1.067247836
,3.668896,1.206640224,1.080646305,0.096391819,1.240035083,,3.668896,1.046912013,0.858037643,-0.064695368,0.88777946,,3.668896,1.012524893,0.838678525,-0.025271284,0.900330425,,3.668896,0.933993832,0.82655018,-0.046325174,0.833946832,,3.668896,0.793632513,0.792983704,-0.068366802,0.724941306
,3.715719,1.082570367,1.063055658,0.021927661,1.094740674,,3.715719,0.981800685,0.748411152,-0.01981457,0.845291348,,3.715719,0.986795077,0.738483031,-0.016974394,0.84566466,,3.715719,0.944723017,0.726751916,-0.043143644,0.792593822,,3.715719,0.962155071,0.692669296,-0.086790125,0.740622058
,3.762542,1.067384217,1.0462755,-0.016474237,1.040355621,,3.762542,0.865218557,0.701277106,-0.096580987,0.686666845,,3.762542,0.894960299,0.697502661,-0.108958067,0.687273414,,3.762542,0.90714692,0.68729087,-0.111413509,0.685805386,,3.762542,1.015349544,0.686669193,-0.103927492,0.747081876
,3.809365,1.055795999,0.968774384,-0.015363501,0.99692169,,3.809365,0.809739508,0.794124324,-0.147616596,0.65431532,,3.809365,0.861553612,0.749755253,-0.149724119,0.655930313,,3.809365,0.902854255,0.738409244,-0.150519226,0.670112524,,3.809365,1.068227359,0.714285365,-0.174893444,0.716362919
,3.856187,0.970200909,0.953167375,-0.046395862,0.91528828,,3.856187,0.806627031,0.76637637,-0.167971773,0.618529927,,3.856187,0.867122701,0.706680531,-0.184286419,0.602615198,,3.856187,0.908304172,0.68228926,-0.204546942,0.590749774,,3.856187,1.046592496,0.658876961,-0.274148011,0.578586717
,3.90301,0.986810408,0.96117262,-0.123901375,0.850090139,,3.90301,0.866982058,0.686131672,-0.212112622,0.564444243,,3.90301,0.899953177,0.665630249,-0.236084551,0.546707163,,3.90301,0.945040395,0.644286478,-0.265911585,0.528751852,,3.90301,0.925791667,0.624590114,-0.270263532,0.504927358
,3.949833,0.991266616,0.993346156,-0.079447551,0.912858835,,3.949833,0.894241444,0.707008272,-0.258350796,0.542274062,,3.949833,0.890115261,0.702507411,-0.274267826,0.52204351,,3.949833,0.921358081,0.712389914,-0.311363084,0.505510913,,3.949833,0.88546156,0.714945528,-0.336299211,0.463904333
,3.996656,0.972449421,0.971248345,-0.063777666,0.908071217,,3.996656,0.776893737,0.75043677,-0.286770017,0.476895236,,3.996656,0.777111256,0.746963934,-0.290889903,0.471147692,,3.996656,0.814546966,0.756757551,-0.31680888,0.468843378,,3.996656,0.78270071,0.786555213,-0.35088517,0.433742792
,4.043478,0.974070573,0.970000462,-0.085074894,0.886960623,,4.043478,0.721693401,0.764036634,-0.309714782,0.433150235,,4.043478,0.750018005,0.763038108,-0.328777387,0.42775067,,4.043478,0.779030327,0.790311419,-0.362175409,0.422495464,,4.043478,0.742677319,0.851912554,-0.377601684,0.419693253
,4.090301,0.919070787,0.929853735,-0.076105929,0.848356332,,4.090301,0.682608664,0.721554879,-0.248324162,0.45375761,,4.090301,0.698540295,0.707195389,-0.266370782,0.43649706,,4.090301,0.711785433,0.735908479,-0.294198494,0.429648462,,4.090301,0.750520753,0.730536584,-0.310772274,0.429756394
,4.137124,0.915072403,0.901428661,-0.199180994,0.709069538,,4.137124,0.669332241,0.701988432,-0.257589772,0.428070564,,4.137124,0.661766777,0.688130037,-0.250807777,0.42414063,,4.137124,0.664011137,0.684385624,-0.25973471,0.41446367,,4.137124,0.665620191,0.679611482,-0.253705549,0.418910288
,4.183946,0.953902266,0.915054608,-0.190002906,0.744475531,,4.183946,0.745792674,0.784320154,-0.304396501,0.460659913,,4.183946,0.761184151,0.774179708,-0.311281314,0.456400615,,4.183946,0.758049726,0.748846911,-0.314105545,0.439342773,,4.183946,0.726281151,0.779522436,-0.323540734,0.429361059
,4.230769,0.873135781,0.957619311,-0.123699268,0.791678278,,4.230769,0.818797368,0.884951965,-0.368772935,0.483101731,,4.230769,0.813113162,0.893786423,-0.39515071,0.458299083,,4.230769,0.783832296,0.877954245,-0.400730225,0.430163046,,4.230769,0.76708854,0.822312928,-0.389757432,0.404943302
,4.277592,0.81358943,1.035093149,-0.157069379,0.767271911,,4.277592,0.777647434,0.82926314,-0.386160816,0.417294471,,4.277592,0.768556993,0.849932484,-0.408160718,0.40108402,,4.277592,0.746602374,0.855276362,-0.425637014,0.375302354,,4.277592,0.733210276,0.837078881,-0.39624328,0.388901299
,4.324415,0.781225648,0.993751406,-0.17403622,0.713452308,,4.324415,0.724755711,0.830701065,-0.365471048,0.412257339,,4.324415,0.736183071,0.842459907,-0.393398958,0.395922531,,4.324415,0.744908565,0.870958035,-0.418097482,0.389835818,,4.324415,0.746355261,0.886287437,-0.403473953,0.412847396
,4.371237,0.814467056,0.893849151,-0.204761364,0.649396739,,4.371237,0.690536105,0.795545407,-0.33628379,0.406756966,,4.371237,0.702380423,0.815082624,-0.362529326,0.396202197,,4.371237,0.701484594,0.848335251,-0.381378034,0.393531888,,4.371237,0.697553972,0.815240522,-0.367517654,0.388879593
,4.41806,0.890250594,0.898953917,-0.215213023,0.679389233,,4.41806,0.705242307,0.746234402,-0.321043698,0.404694657,,4.41806,0.709132407,0.744963199,-0.312939695,0.414108107,,4.41806,0.69073607,0.75342855,-0.310498631,0.411583679,,4.41806,0.641131424,0.765699062,-0.277045537,0.426369706
,4.464883,0.844007889,0.867994997,-0.174888763,0.68111268,,4.464883,0.668553518,0.731684206,-0.30179568,0.398323183,,4.464883,0.654674972,0.70630133,-0.286254275,0.394233876,,4.464883,0.641986574,0.682242558,-0.274238477,0.387876089,,4.464883,0.618010247,0.726711257,-0.287346933,0.385013819
,4.511706,0.773478771,0.882594958,-0.16052711,0.667509755,,4.511706,0.626281983,0.790328879,-0.29288398,0.415421451,,4.511706,0.631487502,0.777780077,-0.309320272,0.395313518,,4.511706,0.599250218,0.749949714,-0.300154719,0.374445247,,4.511706,0.553363597,0.731342552,-0.299077918,0.343275157
,4.558528,0.764071843,1.006247878,-0.177775991,0.70738387,,4.558528,0.696243861,0.884907024,-0.306951452,0.483623991,,4.558528,0.718373912,0.889582316,-0.339816587,0.464161527,,4.558528,0.715761218,0.874698144,-0.337261423,0.457968257,,4.558528,0.676889132,0.808465716,-0.331155561,0.411521864
,4.605351,0.794703754,0.944336375,-0.167504007,0.702016058,,4.605351,0.720656819,0.902512003,-0.303605917,0.507978494,,4.605351,0.725518093,0.874949762,-0.315864129,0.484369799,,4.605351,0.742389959,0.885661649,-0.310374873,0.50365093,,4.605351,0.773162624,0.833354908,-0.342983068,0.460275698
,4.652174,0.851370776,0.857941289,-0.171291053,0.68336498,,4.652174,0.730281708,0.835863568,-0.300080811,0.482991827,,4.652174,0.728769123,0.783390092,-0.284162914,0.471916694,,4.652174,0.725728786,0.793402619,-0.283920346,0.475645356,,4.652174,0.752850287,0.766994818,-0.33473446,0.425188093
,4.698997,0.847452107,0.886087672,-0.189382753,0.677387137,,4.698997,0.765982997,0.813126678,-0.285984963,0.503569874,,4.698997,0.768422155,0.766231694,-0.266137713,0.501189212,,4.698997,0.740948054,0.743101226,-0.2608304,0.48119424,,4.698997,0.663811676,0.701029471,-0.264285385,0.418135189
,4.745819,0.850788416,0.889908449,-0.192055948,0.678292485,,4.745819,0.829796355,0.865514944,-0.280617186,0.567038463,,4.745819,0.835978511,0.832668135,-0.269688661,0.564634662,,4.745819,0.789153291,0.778522582,-0.265762459,0.518075477,,4.745819,0.669983134,0.759000508,-0.27040064,0.444091181
,4.792642,0.892026683,0.868531611,-0.147344765,0.732934381,,4.792642,0.858002596,0.825443882,-0.248701794,0.593021446,,4.792642,0.82122196,0.80876941,-0.244075409,0.570920276,,4.792642,0.796351569,0.75577463,-0.239238891,0.536824208,,4.792642,0.746721496,0.709304576,-0.244713291,0.483299745
,4.839465,0.968916385,0.946760782,-0.13127191,0.826566674,,4.839465,0.800741745,0.846578648,-0.191596044,0.632064152,,4.839465,0.767456588,0.815754066,-0.175672189,0.615933138,,4.839465,0.776191105,0.758002632,-0.170670641,0.596426227,,4.839465,0.807934985,0.647011414,-0.137559516,0.589913684
,4.886288,1.082431201,1.028138749,-0.167043892,0.888241083,,4.886288,0.702326867,0.85139668,-0.145371993,0.63148978,,4.886288,0.712807557,0.849250226,-0.149686912,0.631341979,,4.886288,0.724461469,0.819239006,-0.176777867,0.595072371,,4.886288,0.756504488,0.687129408,-0.136031346,0.585785602
,4.93311,0.981572063,0.987395942,-0.114465246,0.870018757,,4.93311,0.785875738,0.821466343,-0.124633455,0.679037586,,4.93311,0.817237133,0.851631897,-0.140677277,0.693757237,,4.93311,0.78529454,0.871565719,-0.173708462,0.654721667,,4.93311,0.762292943,0.808340611,-0.137666379,0.647650399
,4.979933,0.84322783,0.924662882,-0.05043802,0.833507336,,4.979933,0.901399274,0.885312506,-0.094443533,0.798912357,,4.979933,0.938229892,0.895702792,-0.062150612,0.85481573,,4.979933,0.919870784,0.878241795,-0.06671805,0.832338239,,4.979933,0.888273427,0.865573553,-0.10846234,0.76846115
,5.026756,0.880832753,0.859535556,-0.015192191,0.854991963,,5.026756,0.834494281,0.919825918,-0.081712632,0.795447467,,5.026756,0.868803173,0.930567066,-0.065844841,0.833840278,,5.026756,0.920219634,0.896936327,-0.09070165,0.817876331,,5.026756,0.986461467,0.908804074,-0.190922513,0.756710257
,5.073579,0.848538948,0.930186015,-0.06755134,0.821811142,,5.073579,0.895056085,1.061827882,-0.114014298,0.864427685,,5.073579,0.90550257,1.100005822,-0.128151898,0.874602298,,5.073579,0.965195572,1.118980846,-0.16472238,0.877365829,,5.073579,1.041891092,1.110673518,-0.180687662,0.895594643
,5.120401,0.832571364,1.008323377,-0.124558377,0.795888994,,5.120401,0.926620134,1.249078724,-0.038426053,1.049423376,,5.120401,0.885013869,1.261157646,-0.0362086,1.036877158,,5.120401,0.882187222,1.277576044,-0.050937595,1.028944038,,5.120401,0.87634843,1.20083785,-0.087504535,0.951088605
,5.167224,0.955713979,0.993985976,-0.052930135,0.921919842,,5.167224,0.923614077,1.189851142,0.041773399,1.098506008,,5.167224,0.871347811,1.188238678,0.024666846,1.054460091,,5.167224,0.846013074,1.187469404,0.013653486,1.030394725,,5.167224,0.721663709,1.162891694,-0.027304385,0.914973316
,5.214047,0.948659143,1.000337978,0.027858689,1.00235725,,5.214047,0.95867657,1.145918968,0.056184645,1.108482414,,5.214047,0.916434481,1.141053856,0.013417757,1.042161925,,5.214047,0.921914706,1.153290869,-0.021330899,1.016271888,,5.214047,0.821034552,1.189391756,-0.032893287,0.972319867
,5.26087,0.898951137,0.940789499,0.024978459,0.944848777,,5.26087,0.998297403,1.115339207,0.061182825,1.11800113,,5.26087,0.97647065,1.110503781,0.030771846,1.074259061,,5.26087,0.998640928,1.121060145,-0.011155805,1.048694731,,5.26087,0.980422661,1.116585448,0.002711484,1.051215539
,5.307692,0.899429656,0.930290704,-0.055907248,0.858952932,,5.307692,1.019704543,1.04324568,0.083630127,1.115105239,,5.307692,1.028616315,1.041203789,0.080630334,1.115540386,,5.307692,1.02677619,1.040696154,0.059635138,1.09337131,,5.307692,1.065318138,1.058077034,0.108665691,1.170363277
,5.354515,0.947502013,1.05801531,-0.066984421,0.93577424,,5.354515,1.029665762,1.004518749,0.066965526,1.084057782,,5.354515,1.02012311,0.99463845,0.117946326,1.125327106,,5.354515,1.040618321,1.014318384,0.13913369,1.166602043,,5.354515,1.147097971,1.018322284,0.209619376,1.292329504
,5.401338,0.922650369,1.049269684,0.046229343,1.03218937,,5.401338,1.132241055,1.018028216,0.094113583,1.169248218,,5.401338,1.126725796,1.041278936,0.13403002,1.218032386,,5.401338,1.133426484,1.091058907,0.167214011,1.279456707,,5.401338,1.233879725,1.09195334,0.321417909,1.484334441
,5.448161,0.946052502,0.971492548,0.009843737,0.968616262,,5.448161,1.115360553,1.034552148,0.142944835,1.217901186,,5.448161,1.126610541,1.067668061,0.120047937,1.217187238,,5.448161,1.093463964,1.125101917,0.177269355,1.286552296,,5.448161,1.110844213,1.125493241,0.341236149,1.459404876
,5.494983,0.950284252,0.927827037,-0.015547719,0.923507926,,5.494983,1.093103835,1.076808665,0.193472013,1.278428263,,5.494983,1.10780133,1.059164954,0.159977833,1.243460975,,5.494983,1.089851386,1.101824476,0.189602525,1.285440456,,5.494983,0.971534288,1.080306696,0.190706765,1.216627257
,5.541806,0.911429582,0.886765605,0.032560722,0.931658316,,5.541806,1.118919191,1.054299556,0.184584699,1.271194072,,5.541806,1.115093955,1.050918999,0.164747145,1.247753622,,5.541806,1.128043136,1.084436241,0.182815131,1.289054819,,5.541806,1.065165688,1.066411038,0.188396744,1.254185107
,5.588629,0.948967391,0.918947191,0.072115982,1.006073273,,5.588629,1.157700075,1.001056301,0.144807873,1.224186061,,5.588629,1.1683568,1.043766217,0.142642608,1.248704117,,5.588629,1.214130762,1.058437379,0.175641769,1.31192584,,5.588629,1.329075961,0.996961682,0.219420951,1.382439772
,5.635452,1.05311394,1.062386175,0.063983199,1.121733256,,5.635452,1.165553923,1.059255487,0.179043189,1.291447894,,5.635452,1.178938433,1.078433884,0.197059308,1.325745466,,5.635452,1.192613015,1.065026462,0.192135766,1.320955504,,5.635452,1.299500751,1.068002289,0.187103331,1.370854851
,5.682274,1.082014406,1.135679131,0.083335321,1.19218209,,5.682274,1.07616909,1.08976479,0.183997352,1.266964292,,5.682274,1.067877732,1.058578964,0.165835574,1.229063922,,5.682274,1.048875108,1.034104839,0.166684184,1.208174157,,5.682274,1.138637042,1.102315098,0.178322114,1.298798185
,5.729097,1.052467808,1.071117365,0.123087437,1.184880024,,5.729097,1.072360125,1.116433381,0.156351744,1.250748497,,5.729097,1.096211242,1.031436687,0.14770626,1.211530224,,5.729097,1.07783101,1.024287369,0.16428741,1.2153466,,5.729097,1.123939952,0.956837089,0.183843249,1.22423177
,5.77592,1.027834633,1.01644343,0.049576623,1.071715654,,5.77592,1.137305209,1.232621711,0.126313469,1.31127693,,5.77592,1.204037923,1.161594341,0.174955889,1.357772021,,5.77592,1.220946889,1.157014921,0.197880605,1.38686151,,5.77592,1.287767477,1.047724861,0.203940117,1.371686286
,5.822742,1.113434369,0.929666979,0.011007788,1.032558462,,5.822742,1.13735575,1.239685182,0.090146736,1.278667202,,5.822742,1.181593858,1.176140255,0.157722744,1.336589801,,5.822742,1.212000352,1.169817196,0.174750568,1.365659342,,5.822742,1.294454583,1.236191007,0.130505511,1.395828306
,5.869565,1.127084688,0.969398287,0.006720505,1.054961993,,5.869565,1.232910228,1.108839696,0.162612965,1.333487928,,5.869565,1.231092009,1.045272025,0.208602901,1.346784917,,5.869565,1.290807062,1.014702442,0.24276968,1.395524432,,5.869565,1.318970915,1.152176741,0.289457756,1.525031584
,5.916388,1.03507179,1.012658012,0.043230185,1.067095086,,5.916388,1.210726646,1.046367709,0.127437719,1.255984897,,5.916388,1.186373674,1.03539861,0.165099634,1.275985776,,5.916388,1.235057237,1.038671144,0.188260688,1.325124879,,5.916388,1.279055775,1.200922082,0.285763534,1.525752463
,5.963211,1.048130631,1.052512782,0.079090095,1.129411801,,5.963211,1.097749842,1.094147262,0.107740508,1.20368906,,5.963211,1.086837959,1.112241202,0.114815494,1.214355074,,5.963211,1.069451386,1.132866596,0.070187687,1.171346679,,5.963211,1.031060756,1.249467969,0.023746132,1.164010494
,6.010033,1.096188875,1.076303909,0.114763685,1.201010077,,6.010033,1.152324082,1.060642764,0.188350448,1.294833871,,6.010033,1.151547408,1.077951367,0.170879213,1.2856286,,6.010033,1.135013035,1.071022112,0.114897131,1.217914704,,6.010033,1.101609065,1.069694019,0.028942375,1.114593917
,6.056856,1.064644113,1.002176469,0.150249077,1.183659368,,6.056856,1.187864779,1.075817786,0.208694619,1.340535902,,6.056856,1.20236291,1.072783831,0.183856678,1.321430049,,6.056856,1.193194979,1.018959288,0.1923726,1.298449734,,6.056856,1.261896948,0.971971094,0.198840701,1.315774722
,6.103679,1.112619481,1.112686026,0.149792056,1.26244481,,6.103679,1.157257238,1.134190486,0.166750272,1.312474134,,6.103679,1.211370356,1.112935026,0.16966983,1.331822521,,6.103679,1.199475379,1.086933891,0.235863225,1.37906786,,6.103679,1.433536732,1.033805603,0.316603224,1.550274391
,6.150502,1.126269415,1.109600473,0.064489119,1.182424063,,6.150502,1.137335568,1.095582334,0.101470379,1.217929331,,6.150502,1.188527766,1.074568636,0.124704966,1.256253167,,6.150502,1.18933014,1.075578787,0.185325655,1.317780119,,6.150502,1.450120001,0.973727461,0.221328636,1.433252366
,6.197324,1.114136559,1.002431107,0.104551462,1.162835295,,6.197324,1.158749258,1.024014579,0.083339062,1.17472098,,6.197324,1.156852119,0.993524754,0.084706962,1.159895399,,6.197324,1.155076729,0.977521938,0.121137107,1.187436441,,6.197324,1.265841989,0.914559002,0.150700631,1.240901127
,6.244147,1.097688048,1.031611556,0.160275319,1.224925121,,6.244147,1.178291705,1.007529675,0.103902158,1.196812848,,6.244147,1.177678759,1.008419986,0.100926151,1.193975523,,6.244147,1.199773375,1.010031066,0.120811137,1.225713358,,6.244147,1.239733958,1.056062223,0.201928652,1.349826742
,6.29097,1.008403524,1.030809944,0.110226621,1.129833355,,6.29097,1.217091775,1.101270411,0.178174146,1.33735524,,6.29097,1.219387089,1.11336895,0.196599136,1.362977156,,6.29097,1.246937356,1.095609136,0.213605784,1.384879031,,6.29097,1.189141262,1.133827357,0.243909274,1.405393583
,6.337793,1.186676054,1.036944615,0.07224399,1.184054325,,6.337793,1.317554939,1.092155825,0.169664863,1.374520244,,6.337793,1.253296712,1.113743755,0.165095426,1.348615659,,6.337793,1.217418301,1.065996022,0.127835028,1.26954219,,6.337793,1.161777232,1.063471029,0.160746507,1.273370637
,6.384615,1.271838848,1.000102171,0.048053791,1.1840243,,6.384615,1.178449769,1.054920072,0.136476713,1.253161634,,6.384615,1.119456966,1.128443511,0.118520374,1.242470612,,6.384615,1.097071534,1.160796864,0.067433049,1.196367248,,6.384615,1.16773788,1.08257169,0.081315276,1.206470061
,6.431438,1.080028321,1.051321544,0.055985256,1.121660188,,6.431438,1.181867055,1.104160297,0.14943539,1.292449065,,6.431438,1.143372701,1.119306153,0.132871153,1.26421058,,6.431438,1.135280618,1.115981586,0.083518631,1.209149733,,6.431438,1.052101361,1.072538991,-0.030490052,1.031830124
,6.478261,1.029507829,1.083271437,0.082151227,1.13854086,,6.478261,1.180410012,1.096266253,0.120153299,1.258491432,,6.478261,1.209532112,1.035773544,0.115473756,1.238126584,,6.478261,1.225325755,0.946055399,0.057726166,1.143416744,,6.478261,1.044566924,0.937078643,-0.068271066,0.922551718
,6.525084,1.054189392,1.01689704,0.093820977,1.129364192,,6.525084,0.98470541,1.005457315,0.016448205,1.011529568,,6.525084,1.018812789,0.96375917,0.026276527,1.017562506,,6.525084,1.056061865,0.91850314,0.015062622,1.002345124,,6.525084,1.002446842,0.926342275,-0.029854551,0.934540007
,6.571906,1.079683361,0.962981962,0.057889934,1.079222595,,6.571906,1.023567243,0.954339926,0.00364241,0.992595994,,6.571906,1.001765007,0.933919004,-0.016183582,0.951658424,,6.571906,1.003040193,0.935925212,-0.015099396,0.954383307,,6.571906,0.982232473,0.913463308,-0.041071521,0.90677637
,6.618729,0.992422745,0.898334915,0.040841314,0.986220144,,6.618729,1.025027918,0.88351157,0.022306835,0.976576579,,6.618729,0.989107978,0.879012576,-0.017365511,0.916694766,,6.618729,0.979717351,0.909261012,-0.005535427,0.938953755,,6.618729,1.013415937,0.938757922,-0.105466688,0.870620241
,6.665552,0.951136238,0.96495619,0.078621321,1.036667535,,6.665552,0.927824479,0.852114448,-0.052786887,0.837182577,,6.665552,0.894454316,0.867170083,-0.068097431,0.812714769,,6.665552,0.912776506,0.872156194,-0.033899634,0.858566716,,6.665552,0.970329703,0.903622225,-0.088934689,0.848041275
,6.712375,0.963184259,1.042081575,0.131636039,1.134268956,,6.712375,0.879502006,0.861400667,-0.144831217,0.725620119,,6.712375,0.840956949,0.886154029,-0.150770613,0.712784876,,6.712375,0.851698502,0.88356454,-0.137975552,0.729655969,,6.712375,0.854062706,0.872710325,-0.134498006,0.72888851
,6.759197,0.965236179,1.077961281,0.089195092,1.110793822,,6.759197,0.860853354,0.854454836,-0.155037961,0.702616134,,6.759197,0.854966087,0.870495276,-0.174628629,0.688102052,,6.759197,0.854704667,0.891414845,-0.183652866,0.68940689,,6.759197,0.846050286,0.899818502,-0.235567083,0.637367311
,6.80602,0.929346612,1.054264322,0.01475966,1.006565127,,6.80602,0.855035134,0.953000198,-0.16415912,0.739858546,,6.80602,0.86452462,0.911799142,-0.156277176,0.731884705,,6.80602,0.844555577,0.883222856,-0.174160139,0.689729078,,6.80602,0.789517089,0.809523376,-0.229404383,0.57011585
,6.852843,0.903482563,1.012966241,-0.023933494,0.934290908,,6.852843,0.880290267,0.953881357,-0.198385363,0.718700449,,6.852843,0.867435905,0.904239589,-0.170775035,0.715062712,,6.852843,0.82943852,0.89538437,-0.18122717,0.681184275,,6.852843,0.753947441,0.857701187,-0.234729135,0.571095179
,6.899666,0.953719173,0.994697592,-0.060987506,0.913220876,,6.899666,0.865517735,0.825499535,-0.159241006,0.686267629,,6.899666,0.850487689,0.823236944,-0.141027708,0.695834609,,6.899666,0.82204405,0.808552181,-0.14885499,0.666443125,,6.899666,0.772595556,0.864369976,-0.190965371,0.627517396
,6.946488,1.030625588,0.93934497,-0.072095199,0.912890081,,6.946488,0.805289482,0.877643401,-0.155742483,0.685723959,,6.946488,0.811710932,0.883738095,-0.155375407,0.692349107,,6.946488,0.791122333,0.856337849,-0.153079486,0.670650605,,6.946488,0.698908902,0.833624232,-0.165367042,0.600899525
,6.993311,1.019069626,0.922312426,-0.049862292,0.920828734,,6.993311,0.837548915,0.940120927,-0.15211126,0.736723661,,6.993311,0.832021038,0.942458745,-0.175321161,0.711918731,,6.993311,0.79538792,0.912140051,-0.171508677,0.682255308,,6.993311,0.735039076,0.856839211,-0.23317951,0.562759634
,7.040134,0.96809447,0.922266744,0.013806531,0.958987138,,7.040134,0.872459079,0.871273415,-0.087438141,0.784428107,,7.040134,0.805785213,0.857834813,-0.113838483,0.71797153,,7.040134,0.79846892,0.816854229,-0.129100718,0.678560856,,7.040134,0.778256818,0.70951728,-0.22514699,0.518740059
,7.086957,0.973927342,0.937968123,-0.031369423,0.924578309,,7.086957,0.852226937,0.865699669,-0.160191941,0.698771362,,7.086957,0.797774293,0.864086954,-0.182251768,0.648678856,,7.086957,0.810683277,0.820492798,-0.195230756,0.620357282,,7.086957,0.790472795,0.699591838,-0.224837211,0.520195106
,7.133779,0.952002006,1.061297695,-0.076902101,0.929747749,,7.133779,0.847721294,0.918974387,-0.191869042,0.691478799,,7.133779,0.851791405,0.943370233,-0.206475464,0.691105355,,7.133779,0.85868247,0.878633182,-0.20418378,0.664474047,,7.133779,0.832739332,0.720145366,-0.206949649,0.569492699
,7.180602,0.983362719,0.980698843,-0.023714247,0.958316534,,7.180602,0.852453661,0.927178271,-0.184004693,0.705811273,,7.180602,0.86491132,0.930826014,-0.193464054,0.704404613,,7.180602,0.867534077,0.866150008,-0.187257729,0.679584313,,7.180602,0.87259622,0.714361268,-0.199644182,0.593834561
,7.227425,1.04379664,0.836301302,-0.024280659,0.915768312,,7.227425,0.845603812,0.941135804,-0.243006739,0.650363069,,7.227425,0.806016037,0.946904544,-0.257217326,0.619242964,,7.227425,0.774738311,0.928030411,-0.249139504,0.602244857,,7.227425,0.764433411,0.74199992,-0.224029694,0.529186971
,7.274247,1.007302701,0.874520705,-0.086392407,0.854519296,,7.274247,0.850468105,1.045138314,-0.250617978,0.697185231,,7.274247,0.788611364,1.063022562,-0.24102367,0.684793293,,7.274247,0.763972408,1.095119023,-0.249841359,0.679704356,,7.274247,0.715390522,0.895525,-0.249916305,0.555541456
,7.32107,0.997374631,0.993378907,-0.132934209,0.86244256,,7.32107,0.870719788,1.018684851,-0.218353758,0.726348561,,7.32107,0.83095405,0.996024338,-0.180142271,0.733346923,,7.32107,0.847631902,1.012571421,-0.192798377,0.737303285,,7.32107,0.77847456,0.87001723,-0.206767358,0.617478537
,7.367893,0.998883466,0.973693341,-0.03240869,0.953879713,,7.367893,0.826587132,0.909373999,-0.159956071,0.708024494,,7.367893,0.853935283,0.893858802,-0.150166644,0.723730399,,7.367893,0.89143673,0.855843084,-0.149186962,0.724452945,,7.367893,0.917586646,0.788996844,-0.164125757,0.689165988
,7.414716,1.024882088,0.994743966,-0.003273459,1.006539568,,7.414716,0.787379996,0.896745198,-0.145519645,0.696542952,,7.414716,0.825293426,0.923234797,-0.171904029,0.702360083,,7.414716,0.851226351,0.875813726,-0.173497018,0.690023021,,7.414716,0.924049592,0.8477301,-0.207595902,0.678293944
,7.461538,1.024066303,1.065881013,-0.059491682,0.985481976,,7.461538,0.822485686,0.906128203,-0.144681808,0.719625137,,7.461538,0.843475754,0.874973798,-0.18708501,0.672139767,,7.461538,0.84601101,0.861086321,-0.198445708,0.655102957,,7.461538,0.883991561,0.855981442,-0.157998643,0.711987859
,7.508361,1.009103143,1.027114191,-0.044648741,0.973459927,,7.508361,0.862030538,0.928846807,-0.112707691,0.782730982,,7.508361,0.885920459,0.852204503,-0.12856568,0.740496801,,7.508361,0.884266605,0.870611305,-0.155345595,0.72209336,,7.508361,0.855243255,0.924093485,-0.088923254,0.800745116
,7.555184,1.037773338,1.014864399,-0.017230662,1.009088206,,7.555184,0.880187741,0.913559078,-0.100774865,0.796098544,,7.555184,0.895755892,0.87129154,-0.094495729,0.789027987,,7.555184,0.880678405,0.884547405,-0.109262757,0.773350148,,7.555184,0.940112192,0.969472664,-0.114944398,0.83984803
,7.602007,0.998948886,1.037124018,-0.058689805,0.959346647,,7.602007,0.895621864,0.919277902,-0.081476649,0.825973234,,7.602007,0.882554484,0.878998368,-0.068030085,0.812746341,,7.602007,0.864235725,0.884383102,-0.065355794,0.808953619,,7.602007,0.952596555,0.918495498,-0.149314377,0.786231649
,7.648829,0.968117835,1.026664801,-0.081863919,0.915527399,,7.648829,0.940820853,0.947216714,-0.072847453,0.871171331,,7.648829,0.938287567,0.93301708,-0.042125692,0.893526632,,7.648829,0.903008371,0.942985877,-0.033690171,0.889306953,,7.648829,0.908583501,0.898050839,-0.142597469,0.760719701
,7.695652,1.008152693,1.065016298,-0.065801807,0.970782688,,7.695652,0.918059305,1.003004201,-0.017437516,0.943094237,,7.695652,0.910315349,1.040951366,-0.036275643,0.939357715,,7.695652,0.876701478,1.081349399,-0.026215096,0.952810343,,7.695652,0.913387137,1.113034022,-0.06996625,0.943244329
,7.742475,0.897724941,1.071791216,-0.030738587,0.954019491,,7.742475,0.890336364,1.007455497,-0.002698685,0.946197246,,7.742475,0.899998195,1.059505641,-0.055232564,0.924519353,,7.742475,0.878086653,1.136339134,-0.0482692,0.958943693,,7.742475,0.884773102,1.230099073,-0.054717964,1.002718123
,7.789298,0.942597636,1.090595541,0.003588008,1.020184597,,7.789298,0.916122531,0.991153015,-0.012235985,0.941401788,,7.789298,0.921503321,0.982909891,-0.032541693,0.919664913,,7.789298,0.900617646,1.029939133,-0.031704907,0.933573483,,7.789298,0.965683076,1.05628753,-0.069877236,0.941108067
,7.83612,1.020585464,1.012485186,-0.005127321,1.011408004,,7.83612,0.899733724,1.028006859,0.060876504,1.024746795,,7.83612,0.879152017,1.031923196,0.068061063,1.02359867,,7.83612,0.897999692,1.086449726,0.077481434,1.069706143,,7.83612,0.994105145,1.14068074,0.053935824,1.121328767
,7.882943,0.986063962,0.907808002,-0.015723683,0.931212298,,7.882943,0.955953785,1.061416273,0.136959255,1.145644284,,7.882943,0.952494777,1.115631372,0.152803936,1.186867011,,7.882943,0.985403617,1.162156229,0.153798654,1.227578577,,7.882943,1.06802896,1.204079573,0.081497867,1.217552134
,7.929766,0.983562659,0.892689173,-0.037601965,0.900523951,,7.929766,1.040352555,1.056734532,0.11191678,1.160460324,,7.929766,1.07790691,1.107363227,0.127276159,1.219911227,,7.929766,1.12257739,1.091913757,0.143391822,1.250637396,,7.929766,1.138058149,1.187491761,0.143521181,1.306296137
,7.976589,0.952136221,1.003705007,-0.003223347,0.974697267,,7.976589,0.992971543,1.051925697,0.059658687,1.082107307,,7.976589,1.064947931,1.060767227,0.097773785,1.160631364,,7.976589,1.147190747,1.035494544,0.140987096,1.232329742,,7.976589,1.120242852,1.187067744,0.268808439,1.422463737
,8.023411,0.887409221,1.141489844,0.065652691,1.080102223,,8.023411,1.035258381,1.089950027,0.116547405,1.179151609,,8.023411,1.09552398,1.103650773,0.144276576,1.243863952,,8.023411,1.10269805,1.081849403,0.140857828,1.233131555,,8.023411,1.100792945,1.16870597,0.230050505,1.364799962
,8.070234,0.955372126,1.064984456,0.062005245,1.072183536,,8.070234,1.069883444,1.079609543,0.133839351,1.208585844,,8.070234,1.088009025,1.125006869,0.141868778,1.248376725,,8.070234,1.053741716,1.109843967,0.13740796,1.219200801,,8.070234,1.103184038,1.066711048,0.203437283,1.288384826
,8.117057,1.018543234,1.052919353,0.045984187,1.081715481,,8.117057,1.041276333,1.013399286,0.095248268,1.122586077,,8.117057,1.063081531,1.033903485,0.111304242,1.15979675,,8.117057,1.062073883,1.045899442,0.132074297,1.18606096,,8.117057,1.177784397,1.084072675,0.17284112,1.303769656
,8.16388,0.940163705,1.199717605,0.027667128,1.097607783,,8.16388,1.041904768,1.148088649,0.128915679,1.223912387,,8.16388,1.086633434,1.126433701,0.144929567,1.251463135,,8.16388,1.107727587,1.13268369,0.130802572,1.25100821,,8.16388,1.13958931,1.255332533,0.121587556,1.319048478
,8.210702,0.962629303,1.210880772,-0.03024235,1.056512688,,8.210702,1.06013776,1.202231746,0.127263539,1.258448292,,8.210702,1.099155229,1.210422695,0.161320801,1.316109763,,8.210702,1.119261417,1.214162402,0.183049874,1.349761784,,8.210702,1.107170745,1.211747641,0.188110549,1.347569741
,8.257525,0.957131441,1.068149976,-0.048836108,0.9638046,,8.257525,1.059578724,1.157129925,0.139365054,1.247719379,,8.257525,1.06141685,1.189818762,0.159585015,1.28520282,,8.257525,1.06741336,1.238695989,0.165960998,1.319015673,,8.257525,1.172052627,1.196091205,0.147926777,1.331998693
,8.304348,1.020605552,0.951961486,-0.044996898,0.941286621,,8.304348,1.112409331,1.047166742,0.140160299,1.219948335,,8.304348,1.062352586,1.052491013,0.12104071,1.178462509,,8.304348,1.082431499,1.102072692,0.127101746,1.219353842,,8.304348,1.222141857,1.199535338,0.168486251,1.379324848
,8.351171,1.110430112,0.947169596,0.006302255,1.035102109,,8.351171,1.152059822,0.986353809,0.119009495,1.188216311,,8.351171,1.103771104,0.98299791,0.102572464,1.145956971,,8.351171,1.173837681,0.988425364,0.140229493,1.221361016,,8.351171,1.228453103,1.11197791,0.267523348,1.437738854
,8.397993,1.053848047,0.94897092,0.000211457,1.00162094,,8.397993,1.152297227,1.095570484,0.151464754,1.275398609,,8.397993,1.119854102,1.090334776,0.105674787,1.210769226,,8.397993,1.191522722,1.066836922,0.147380059,1.276559881,,8.397993,1.2112253,1.019957847,0.196197762,1.311789335
,8.444816,1.073238867,0.906449871,0.024254177,1.014098546,,8.444816,1.083928054,1.120323213,0.118896576,1.221022209,,8.444816,1.050693156,1.138542588,0.10195299,1.196570862,,8.444816,1.078419689,1.108319313,0.133254245,1.226623746,,8.444816,1.121841233,1.056190591,0.102149662,1.191165574
,8.491639,1.059772274,0.867333136,0.03755696,1.001109665,,8.491639,0.965081161,1.060440956,0.003269161,1.016030219,,8.491639,0.95452457,1.094431101,0.012581679,1.037059515,,8.491639,0.950589111,1.058997884,0.043280438,1.048073935,,8.491639,0.982183752,1.053560155,0.081825605,1.099697558
,8.538462,0.991949248,0.839194909,0.006907324,0.922479402,,8.538462,0.976536982,1.091345202,-0.054370146,0.979570946,,8.538462,1.018163946,1.114522534,-0.053395717,1.012947523,,8.538462,0.999429041,1.063587141,-0.003333285,1.028174806,,8.538462,1.052098957,1.064010857,0.122601473,1.18065638
,8.585284,1.070264154,0.838894684,-0.014719599,0.93985982,,8.585284,1.060252659,1.129077216,0.001819044,1.096483982,,8.585284,1.076431473,1.100461243,0.024814053,1.113260412,,8.585284,1.044961183,1.083678235,0.054602859,1.118922568,,8.585284,1.109448156,1.132938022,0.120900639,1.242093728
,8.632107,1.007790811,0.964591169,0.007220251,0.993411241,,8.632107,1.117756496,1.017822089,0.023859444,1.091648736,,8.632107,1.11841107,0.996221896,0.066270184,1.123586667,,8.632107,1.092199024,1.044034007,0.064785461,1.132901976,,8.632107,1.025646737,1.077395134,0.110007044,1.161527979
,8.67893,1.01065193,1.079105355,0.047067981,1.091946624,,8.67893,1.15317141,1.029669766,0.032370533,1.123791121,,8.67893,1.130308169,1.055960318,0.048519717,1.141653961,,8.67893,1.120585931,1.068284103,0.048466953,1.14290197,,8.67893,1.127068196,1.025564509,0.122810349,1.199126702
,8.725753,1.018052049,0.973846218,0.037259868,1.033209001,,8.725753,1.087618992,1.150083298,0.050747107,1.169598252,,8.725753,1.03855944,1.142935161,0.052190694,1.142937995,,8.725753,1.044568118,1.092550624,0.080561174,1.149120545,,8.725753,1.120099057,0.928875257,0.120594551,1.145081708
,8.772575,1.02351162,0.932421691,-0.015338341,0.962628315,,8.772575,0.993052615,1.101596321,0.085567312,1.13289178,,8.772575,0.975031977,1.068719775,0.080143598,1.102019474,,8.772575,1.014179628,1.031670855,0.091118505,1.114043747,,8.772575,1.052732167,0.908436169,0.076687606,1.057271774
,8.819398,1.051849585,0.963566166,-0.003089368,1.004618507,,8.819398,1.032654917,0.989980865,0.072126599,1.08344449,,8.819398,1.018671918,0.980826096,0.059324505,1.059073512,,8.819398,1.057798207,1.025917119,0.067393328,1.109250991,,8.819398,1.065206267,1.048928034,0.136560803,1.193627953
,8.866221,1.040238606,0.951515197,-0.043094383,0.952782518,,8.866221,1.01118905,1.002997153,0.017222939,1.02431604,,8.866221,0.998147294,1.026324711,0.012548806,1.024784808,,8.866221,1.012605058,1.086198353,0.02814826,1.077549966,,8.866221,1.021301828,1.037596618,0.158921276,1.188370498
,8.913043,1.073984276,0.950019517,-0.057879044,0.954122852,,8.913043,1.004728687,1.045365863,-0.018738439,1.006308837,,8.913043,1.032476414,1.069002742,-0.020972956,1.029766622,,8.913043,0.978944316,1.103553736,0.014463876,1.055712902,,8.913043,0.892255575,1.048761743,0.12926593,1.09977459
,8.959866,1.05127994,0.955936912,0.041985257,1.045593683,,8.959866,1.073924428,1.084401254,-0.068248353,1.010914488,,8.959866,1.09313886,1.100768454,-0.072159778,1.024793879,,8.959866,1.036561556,1.1131701,-0.01886901,1.055996818,,8.959866,0.938516294,1.127324231,0.092823859,1.125744121
,9.006689,1.150047908,1.049503788,0.056340843,1.156116691,,9.006689,1.047069575,1.027153838,-0.042942471,0.994169235,,9.006689,1.036351081,1.043482844,-0.070939148,0.968977815,,9.006689,1.038795578,1.073026325,-0.050312727,1.005598224,,9.006689,1.097130475,1.112551469,0.010378548,1.11521952
,9.053512,1.173676666,1.131083479,0.077998679,1.230378752,,9.053512,1.124766326,0.982959562,0.008104759,1.061967704,,9.053512,1.086315456,0.99002969,-0.019548016,1.018624556,,9.053512,1.097912422,1.023261118,-0.025643278,1.034943492,,9.053512,1.01947709,1.048999322,0.00651751,1.040755716
,9.100334,1.027703728,1.061317671,0.012637244,1.057147944,,9.100334,1.172228672,0.965591679,-0.003669923,1.065240253,,9.100334,1.139318899,0.982017637,-0.014845401,1.045822867,,9.100334,1.129784487,0.957701729,-0.024235433,1.019507674,,9.100334,0.923394937,0.919900257,0.045302495,0.966950092
,9.147157,0.983820668,0.992705136,-0.036038023,0.952224879,,9.147157,1.086581771,1.018228934,-0.016166496,1.036238856,,9.147157,1.100044218,1.040881765,-0.051704153,1.018758838,,9.147157,1.104151455,1.018088054,-0.067258969,0.993860785,,9.147157,1.068303081,0.95712555,-0.015616202,0.997098113
,9.19398,1.015083768,1.0253675,-0.029229094,0.99099654,,9.19398,1.078354582,1.062831064,-0.07151702,0.999075803,,9.19398,1.113149813,1.04617847,-0.07152049,1.008143651,,9.19398,1.111739994,1.028005895,-0.098245697,0.971627248,,9.19398,1.135115192,0.992505243,-0.040869753,1.022940464
,9.240803,0.961260329,0.970999419,-0.077410759,0.888719115,,9.240803,1.118897774,1.009489596,-0.051422912,1.012770773,,9.240803,1.110502059,0.97867963,-0.020598321,1.023992524,,9.240803,1.089168926,0.966084706,-0.04964707,0.977979746,,9.240803,1.094763803,0.940907812,0.004004892,1.021840699
,9.287625,1.036015601,0.95942787,-0.050785712,0.946936023,,9.287625,1.126613038,0.995065076,-0.066863614,0.993975442,,9.287625,1.071691851,0.986471758,-0.032472355,0.996609449,,9.287625,1.017672935,0.980535062,-0.052013387,0.947090612,,9.287625,1.008785017,1.045646446,-0.057795221,0.969420511
,9.334448,1.060690003,1.003308324,0.013128635,1.045127798,,9.334448,1.120301525,1.042669156,-0.060811076,1.020674265,,9.334448,1.054286558,1.009992963,-0.028816384,1.003323377,,9.334448,1.006299551,0.997525131,-0.06086042,0.941051921,,9.334448,0.983460929,1.030427366,-0.076790685,0.930153463
,9.381271,1.019606289,0.962279367,-0.021066486,0.969876342,,9.381271,1.074383305,1.031460442,-0.009336804,1.04358507,,9.381271,1.021862906,0.967490195,0.007108689,1.001785239,,9.381271,1.022746844,0.955603752,-0.003609944,0.985565354,,9.381271,1.024102344,0.906933022,0.018321916,0.983839599
,9.428094,0.998645655,0.869453503,-0.045131133,0.888918447,,9.428094,1.054425783,1.000970751,-0.025418385,1.002279882,,9.428094,1.029700983,0.956470608,-0.011208286,0.98187751,,9.428094,1.026362239,0.961113767,0.014502547,1.00824055,,9.428094,1.075623644,1.009790184,0.086001804,1.128708719
,9.474916,1.003475986,0.900423026,-0.000656761,0.951292745,,9.474916,0.958620514,1.033770507,-0.017305707,0.978889803,,9.474916,0.960553659,0.978834814,-0.006250453,0.963443783,,9.474916,0.957221016,0.956128153,-0.003047832,0.953626753,,9.474916,0.918960898,1.032738016,0.033282149,1.009131606
,9.521739,1.065383195,1.032587253,0.036479848,1.085465072,,9.521739,0.947813269,1.001045823,-0.023789042,0.950640504,,9.521739,0.965964088,0.940958111,-0.015307077,0.938154023,,9.521739,0.928893574,0.948058786,-0.009885171,0.928591009,,9.521739,0.842086868,0.960828614,-0.026417446,0.875040295
,9.568562,0.981859184,1.015259711,0.048013579,1.046573027,,9.568562,0.965842886,1.048549359,-0.006976132,1.000219991,,9.568562,0.972065158,1.041500408,0.001868034,1.008650817,,9.568562,0.942947541,1.048931936,0.025093377,1.021033116,,9.568562,0.971157321,0.978188141,-0.054207052,0.920465679
,9.615385,1.013096032,1.074630275,-0.018511918,1.025351236,,9.615385,0.932918942,1.042534424,-0.028073921,0.959652762,,9.615385,0.900447322,1.072295742,-0.02380677,0.962564763,,9.615385,0.90270621,1.030082514,0.001238082,0.967632444,,9.615385,1.032947703,0.978770905,-0.07028268,0.935576624
,9.662207,1.046014205,1.051335932,-0.026190228,1.02248484,,9.662207,0.958190317,0.996756099,-0.017384941,0.960088267,,9.662207,0.91629961,1.006034163,-0.019779852,0.941387034,,9.662207,0.913956743,0.947362933,-0.011705536,0.918954302,,9.662207,1.11740341,0.922633717,-0.125802205,0.894216358
,9.70903,0.970301095,0.903035577,0.017613644,0.95428198,,9.70903,0.955379035,1.011425842,-0.022834939,0.960567499,,9.70903,0.922158726,1.003156373,-0.012866454,0.949791095,,9.70903,0.948883542,0.959442618,-0.04015649,0.91400659,,9.70903,1.033626041,0.881349831,-0.146255281,0.811232655
,9.755853,1.044766025,1.016992736,-0.014265565,1.016613816,,9.755853,0.982455729,1.003746362,-0.075142277,0.917958768,,9.755853,0.942700926,1.004357148,-0.065936213,0.907592824,,9.755853,0.967180185,0.977011167,-0.100206087,0.871889589,,9.755853,0.857759069,0.884920601,-0.133814305,0.73752553
,9.802676,1.066081636,1.035721378,0.009335063,1.06023657,,9.802676,0.93362079,0.949819463,-0.094372162,0.847347965,,9.802676,0.917701398,0.939661144,-0.108659572,0.820021699,,9.802676,0.892215464,0.953135989,-0.12233694,0.800338786,,9.802676,0.834232793,0.954985682,-0.114742856,0.779866381
,9.849498,0.920919336,1.012425091,0.077148777,1.04382099,,9.849498,0.887587824,0.962832392,-0.092478727,0.832731381,,9.849498,0.875871628,0.918388643,-0.09660314,0.800526996,,9.849498,0.882536899,0.938923869,-0.109393471,0.801336913,,9.849498,0.929104602,0.980298483,-0.085489284,0.869212259
,9.896321,0.995435791,1.069522059,0.037786616,1.070265542,,9.896321,0.862972975,0.939693,-0.100065702,0.801267285,,9.896321,0.850831375,0.941894433,-0.094873112,0.801489792,,9.896321,0.85283174,0.932316807,-0.102969187,0.789605087,,9.896321,0.922294859,0.918886113,-0.119362289,0.801228197
,9.943144,1.071493737,0.98023057,0.008559225,1.034421379,,9.943144,0.895883622,0.863038163,-0.12505981,0.754401083,,9.943144,0.869468463,0.880892875,-0.099069897,0.776110772,,9.943144,0.822251174,0.88918298,-0.094326886,0.761390191,,9.943144,0.779275966,0.943350993,-0.128483352,0.732830127
,9.989967,0.979597064,0.873004923,0.035548477,0.961849471,,9.989967,1.006491916,0.877326523,-0.178753021,0.763156199,,9.989967,0.94443561,0.871913058,-0.119671059,0.788503275,,9.989967,0.880758462,0.894331643,-0.084931238,0.802613814,,9.989967,0.808164812,0.970694564,-0.063195951,0.826233737
,10.036789,0.898512035,0.885201204,0.04168907,0.933545689,,10.036789,1.036536588,0.93332215,-0.144723897,0.840205472,,10.036789,0.992163089,0.939280755,-0.094974211,0.870747711,,10.036789,0.937670485,0.937574292,-0.067932604,0.869689784,,10.036789,0.982999161,0.941470964,-0.073948181,0.888286881
,10.083612,0.891218319,0.907874124,-0.00833787,0.891208351,,10.083612,0.97980335,0.980516188,-0.062432548,0.917727222,,10.083612,0.939120856,0.988980106,-0.072646346,0.891404135,,10.083612,0.909975914,0.971968211,-0.080464943,0.860507119,,10.083612,0.962644155,0.861110237,-0.100186952,0.811690244
,10.130435,0.889976989,0.948709482,-0.037831534,0.881511702,,10.130435,0.865802267,1.055927889,-0.097014373,0.863850705,,10.130435,0.823516417,1.038902482,-0.118072941,0.813136509,,10.130435,0.824787175,1.010413777,-0.126504003,0.791096473,,10.130435,0.913182746,0.908314993,-0.137587769,0.7731611
,10.177258,0.907592949,1.032024999,-0.02675538,0.943053594,,10.177258,0.906834441,1.05786816,-0.158650256,0.823701045,,10.177258,0.862501872,1.055156378,-0.157021901,0.801807224,,10.177258,0.842854812,1.038712872,-0.148131612,0.79265223,,10.177258,0.94126513,0.924974306,-0.113224767,0.819894951
,10.22408,0.988213931,1.055666456,-0.010307098,1.011633096,,10.22408,0.991992812,0.939422605,-0.101256224,0.864451484,,10.22408,0.963310169,0.968652743,-0.110305606,0.855675849,,10.22408,0.920888399,0.968452166,-0.097062468,0.847607814,,10.22408,0.874259891,0.951105279,-0.043420882,0.869261703
,10.270903,0.933295955,0.985210964,0.010239454,0.969492914,,10.270903,0.976134843,0.906100155,-0.027401447,0.913716052,,10.270903,1.005061771,0.966562689,-0.048767312,0.937044918,,10.270903,0.979412003,0.956284246,-0.047138293,0.920709832,,10.270903,0.850341313,0.969568668,-0.011435476,0.898519515
,10.317726,0.888369415,1.00138137,-0.002727115,0.942148278,,10.317726,0.913841045,0.956979546,-0.034096396,0.901313899,,10.317726,0.934949973,0.989916162,-0.057844764,0.904588304,,10.317726,0.943365704,0.977124164,-0.053045493,0.907199441,,10.317726,0.89639989,0.891204145,-0.076562906,0.817239112
,10.364548,0.912819421,0.990129977,-0.022458948,0.929015751,,10.364548,0.844407576,0.997422306,-0.041164117,0.879750824,,10.364548,0.846802872,0.994545283,-0.055406232,0.865267845,,10.364548,0.895880333,0.988285837,-0.055393463,0.886689622,,10.364548,0.954280132,0.872974243,-0.085457728,0.82816946
,10.411371,0.873659009,0.903736788,-0.032562521,0.856135377,,10.411371,0.917362504,0.976607084,-0.032996758,0.913988036,,10.411371,0.922111651,0.954570497,-0.020996703,0.917344371,,10.411371,0.953037753,0.979268307,-0.0267598,0.93939323,,10.411371,1.073037857,0.905093962,-0.05012635,0.938939559
,10.458194,0.942201904,0.842131211,0.00294947,0.895116028,,10.458194,0.944506245,1.003028842,-0.032702484,0.94106506,,10.458194,0.955498377,0.96903577,-0.015104489,0.947162584,,10.458194,0.96441045,0.944959692,-0.007260938,0.947424133,,10.458194,1.091043361,0.947751601,-0.044386697,0.975010784
,10.505017,0.968484685,0.952689525,-0.009274361,0.951312744,,10.505017,0.941806748,1.041488486,0.022251162,1.013898779,,10.505017,0.991148315,1.052484085,0.039330192,1.061146392,,10.505017,1.006424147,0.999193835,0.049384994,1.052193985,,10.505017,1.118698046,0.995947798,-0.02495096,1.032371963
,10.551839,0.919270838,1.093269219,-0.053573277,0.952696752,,10.551839,0.931585958,1.022914499,-0.009614201,0.967636028,,10.551839,1.014669103,1.008458752,-0.000788933,1.010774995,,10.551839,1.015739641,1.006962822,0.011770916,1.023122148,,10.551839,0.994596613,1.003896453,0.034662638,1.03390917
,10.598662,1.002918916,1.069645259,-0.089999956,0.946282131,,10.598662,0.914075863,1.048845432,-0.080132897,0.90132775,,10.598662,0.99064978,1.026051887,-0.052141358,0.956209476,,10.598662,0.999312769,0.99700757,-0.036040867,0.962119302,,10.598662,0.930472658,1.038763898,0.019804823,1.004423101
,10.645485,1.049617324,1.084384726,-0.115893427,0.951107598,,10.645485,0.945928147,1.017354517,-0.065299563,0.916341769,,10.645485,0.958832584,1.043297301,-0.048371437,0.952693506,,10.645485,0.979349694,1.010725032,-0.040187331,0.954850033,,10.645485,0.995095344,1.076033956,-0.037137065,0.998427586
,10.692308,1.055314712,1.076095849,-0.035748796,1.029956484,,10.692308,0.925860928,0.97137613,-0.037076828,0.911541702,,10.692308,0.928099393,1.023676157,-0.015614599,0.960273176,,10.692308,0.924692238,1.015431085,-0.0063769,0.963684762,,10.692308,0.984552558,1.096237116,0.047671563,1.088066399
,10.73913,1.002370786,0.987176912,0.032031441,1.02680529,,10.73913,0.955291241,0.952209398,-0.063966654,0.889783666,,10.73913,0.976945156,0.999936784,-0.010621189,0.97781978,,10.73913,1.008329757,1.012812871,0.020619742,1.031191055,,10.73913,1.056752197,1.079204862,0.013238386,1.081216916
,10.785953,1.011054368,1.039260179,-0.013631029,1.011526244,,10.785953,1.02867944,1.03657931,-0.032648976,0.999980399,,10.785953,1.036490165,1.063348881,-0.004028315,1.045891208,,10.785953,1.096631285,1.097967861,0.045127482,1.142427055,,10.785953,1.187187471,1.081827369,0.037794244,1.172301664
,10.832776,1.086216928,1.045030917,-0.086912453,0.978711469,,10.832776,1.041522548,1.043014471,0.018075786,1.060344295,,10.832776,1.079375872,1.053956234,0.013880709,1.080546762,,10.832776,1.098458003,1.066879298,0.061273886,1.143942536,,10.832776,1.244828044,1.09503222,0.142460935,1.312391067
,10.879599,1.083538726,0.999189783,-0.084278994,0.957085261,,10.879599,1.006171971,1.100195832,0.07025762,1.123441522,,10.879599,1.042879918,1.134544307,0.083431891,1.172144004,,10.879599,1.090813344,1.125079775,0.115498279,1.223444839,,10.879599,1.139979393,1.09238093,0.174139376,1.290319537
,10.926421,0.956879471,0.935831094,-0.030199381,0.916155902,,10.926421,1.028652889,1.12054649,0.022733116,1.097332805,,10.926421,1.055472932,1.150098381,0.066967593,1.16975325,,10.926421,1.097515529,1.140015649,0.132572112,1.251337701,,10.926421,1.008977226,1.056216887,0.193094489,1.225691546
,10.973244,0.967332454,0.911874165,-0.078063494,0.861539815,,10.973244,1.040133916,1.070674041,-0.037765678,1.017638301,,10.973244,1.063666124,1.052875518,0.003625686,1.061896507,,10.973244,1.082605218,1.078473706,0.063138414,1.143677876,,10.973244,1.004511475,1.160924207,0.163571761,1.246289603
,11.020067,0.978347224,0.92535948,-0.10328267,0.848570682,,11.020067,0.976392915,1.005370693,-0.007184209,0.983697595,,11.020067,1.010871866,1.003959181,0.033592729,1.041008253,,11.020067,1.076716187,1.036042811,0.047550586,1.103930086,,11.020067,1.155185662,1.142197578,0.195275702,1.343967322
,11.06689,0.910893056,0.966300654,-0.059881629,0.878715226,,11.06689,1.019092852,0.980273531,0.045946885,1.045630077,,11.06689,1.0079468,0.960502802,0.089223796,1.073448597,,11.06689,1.042096467,0.99905007,0.089080543,1.109653812,,11.06689,1.083849821,1.08620437,0.162392104,1.247419199
,11.113712,0.955660242,0.967716265,-0.049943746,0.911744507,,11.113712,1.167562788,1.043704345,0.058844943,1.164478509,,11.113712,1.156598632,0.980793217,0.095073405,1.163769329,,11.113712,1.172196365,0.980027958,0.10612825,1.182240412,,11.113712,1.099357567,1.034186545,0.15139476,1.218166816
,11.160535,0.966224144,0.935436339,-0.007871884,0.942958357,,11.160535,1.125562314,1.010069446,0.037718301,1.105534181,,11.160535,1.167755401,0.990439734,0.06837502,1.147472588,,11.160535,1.248753605,0.957920192,0.103072478,1.206409376,,11.160535,1.269305745,0.883911716,0.127103276,1.203712007
,11.207358,0.934646395,0.881673481,-0.002543298,0.90561664,,11.207358,1.026024387,1.013190099,-0.000412043,1.019195199,,11.207358,1.071969064,0.945533629,0.005677906,1.014429252,,11.207358,1.113021148,0.945597618,0.016514663,1.045824046,,11.207358,1.143693207,0.961014045,0.047136813,1.099490439
,11.254181,0.929965134,0.949918139,-0.053532112,0.886409524,,11.254181,1.013777803,1.06335441,0.007866969,1.046433075,,11.254181,1.050046182,1.042236611,0.011693341,1.057834737,,11.254181,1.05687599,0.977304911,-0.012705072,1.004385378,,11.254181,1.022777492,0.987154123,0.019155059,1.024120866
,11.301003,0.911443058,0.995499509,-0.037269871,0.916201413,,11.301003,1.019920512,1.076333356,0.051278987,1.099405921,,11.301003,0.991647783,1.125128825,0.044150956,1.10253926,,11.301003,1.017736767,1.051210011,0.016469631,1.05094302,,11.301003,1.084242626,0.947703087,-0.004565524,1.011407333
,11.347826,0.946367584,1.006006661,-0.000552088,0.975635035,,11.347826,1.069651589,1.044621994,0.047171155,1.104307947,,11.347826,0.996948724,1.064103221,0.022836206,1.053362178,,11.347826,1.033558749,1.046395421,-0.020978666,1.018998418,,11.347826,1.095275993,1.01859295,-0.077864028,0.979070443
,11.394649,0.957814594,0.925002821,-0.003275961,0.938132746,,11.394649,1.113051889,1.019613003,0.053523285,1.119855731,,11.394649,1.123872393,1.029821972,0.065013547,1.14186073,,11.394649,1.155794933,1.014676452,0.024333989,1.109569682,,11.394649,1.084265909,0.922269108,-0.027958847,0.975308662
,11.441472,0.976073808,0.896973828,-0.040057735,0.896466083,,11.441472,1.075228834,0.992506512,0.068301999,1.102169671,,11.441472,1.127723335,1.015226622,0.080715229,1.152190207,,11.441472,1.131989941,1.037513154,0.043013687,1.127765234,,11.441472,1.061501433,0.998865198,-0.01119239,1.018990926
,11.488294,0.960396715,0.955734987,-0.027010163,0.931055688,,11.488294,1.06820538,0.956225933,0.027684994,1.03990065,,11.488294,1.114651213,1.020852366,0.036008126,1.103759916,,11.488294,1.101282488,1.032978272,0.002067646,1.069198026,,11.488294,1.086266433,1.023441427,-0.070500929,0.984353001
,11.535117,1.050609303,0.959420929,-0.048667668,0.956347448,,11.535117,1.082923538,1.003909266,0.02290997,1.066326372,,11.535117,1.086381829,1.051189884,0.069674089,1.138459946,,11.535117,1.075583375,1.026307864,0.053684122,1.104629742,,11.535117,1.032994653,0.868581836,-0.004644796,0.946143448
,11.58194,1.070780849,0.957443051,-0.029815756,0.984296194,,11.58194,1.050702023,0.997675293,0.035932174,1.060120832,,11.58194,1.001620604,1.037513061,0.086674948,1.106241781,,11.58194,1.029859078,1.010264706,0.074373236,1.094435128,,11.58194,0.960616797,0.860818148,0.037920689,0.948638162
,11.628763,1.000758793,1.008435341,0.01155487,1.016151937,,11.628763,0.99173473,0.944073977,0.035244475,1.003148829,,11.628763,0.988481121,0.959583917,0.031570001,1.00560252,,11.628763,0.987073614,0.973481669,0.049723253,1.030000894,,11.628763,0.922388243,0.88733998,0.009610528,0.914474639
,11.675585,1.015011657,1.050005831,0.031100381,1.063609125,,11.675585,0.989815103,0.915975141,-0.011570273,0.941324849,,11.675585,0.988767493,0.899529517,-0.007022365,0.93712614,,11.675585,0.954781037,0.946801562,0.014200252,0.964991551,,11.675585,0.992957513,0.88895042,-0.054553909,0.886400058
,11.722408,0.969952454,0.989592615,0.011078539,0.990851074,,11.722408,1.002998074,0.966444694,-0.002685293,0.982036091,,11.722408,0.963552073,0.992841751,0.005920426,0.984117339,,11.722408,0.955666706,0.986585039,0.029874819,1.001000692,,11.722408,0.955480724,0.901939851,-0.025962976,0.902747312
,11.769231,0.905985182,1.013708987,0.033544676,0.993391761,,11.769231,1.049700118,0.963135983,0.044719203,1.051137254,,11.769231,1.017888151,1.009060313,0.001331952,1.014806184,,11.769231,1.028283438,0.972003687,0.003852197,1.00399576,,11.769231,0.887386434,0.990056726,0.071783441,1.010505021
,11.816054,0.974501315,1.063284927,0.027489764,1.046382885,,11.816054,1.078252552,0.93509697,0.027657327,1.034332089,,11.816054,1.031912362,0.973337218,0.004080127,1.006704917,,11.816054,1.034921055,0.928429903,-0.040745886,0.940929593,,11.816054,0.991651833,1.08220087,0.063435326,1.100361678
,11.862876,1.089808635,1.052479704,-0.07477274,0.996371429,,11.862876,0.980885595,0.975359825,-0.014848953,0.963273757,,11.862876,0.943043305,1.021675985,-0.034013531,0.948346114,,11.862876,0.975625159,1.006378283,-0.040564994,0.950436727,,11.862876,1.008649394,1.035355498,0.056424895,1.07842734
,11.909699,1.062963469,1.068015801,-0.047073714,1.018415921,,11.909699,0.985982316,0.999899371,-0.002235963,0.99070488,,11.909699,0.966570152,1.047272995,-0.010563972,0.996357602,,11.909699,1.002137437,1.025777437,0.006041692,1.019999129,,11.909699,1.031718891,0.939190898,0.048436832,1.033891726
,11.956522,0.948256124,0.986207605,-0.03084735,0.936384515,,11.956522,1.038329053,0.980892885,0.003998187,1.013609155,,11.956522,1.065611808,1.012386727,0.009972357,1.048971624,,11.956522,1.053953933,0.973758582,0.022414512,1.036270769,,11.956522,1.051987395,0.999909694,-0.007995343,1.017953201
,12.003344,0.849203958,0.929599759,-0.075676168,0.813725691,,12.003344,0.947500676,1.07539398,-0.075280581,0.936166747,,12.003344,1.016154066,1.074851293,-0.053911737,0.991590942,,12.003344,1.012397308,1.049659976,-0.025900673,1.005127968,,12.003344,0.968821397,1.047527729,0.038878773,1.047053336
,12.050167,0.901799744,1.030604124,-0.062415137,0.903786797,,12.050167,0.979666069,1.078815627,-0.14262529,0.886615558,,12.050167,1.008587368,1.028051636,-0.153029875,0.865289627,,12.050167,0.99007697,1.01859301,-0.10863369,0.8957013,,12.050167,0.924179317,0.972298189,0.004361885,0.952600638
,12.09699,0.964021904,1.080653047,-0.089055865,0.933281611,,12.09699,1.044464823,1.061976326,-0.15453734,0.898683235,,12.09699,1.044700714,0.998502374,-0.194810576,0.826790969,,12.09699,0.995298148,0.996326889,-0.148019377,0.847793142,,12.09699,1.006619224,0.907944075,-0.019260431,0.938021218
,12.143813,1.056358802,0.998644372,-0.054291067,0.97321052,,12.143813,0.993481898,1.02942129,-0.099963431,0.911488164,,12.143813,0.998671343,1.028249953,-0.101773135,0.911687513,,12.143813,0.941051432,0.99929745,-0.058863996,0.911310445,,12.143813,0.979082243,0.828595303,0.028542151,0.932380924
,12.190635,1.079365095,1.018376845,0.016390507,1.065261476,,12.190635,1.013860672,1.015244946,-0.077344125,0.937208684,,12.190635,0.995860738,1.03859303,-0.096439146,0.920787738,,12.190635,0.927713983,1.024048098,-0.073306525,0.902574515,,12.190635,0.956682263,0.915580838,0.000730639,0.93686219
,12.237458,0.955613226,0.974735258,-0.02907054,0.936103702,,12.237458,1.027831435,0.979514852,-0.109040222,0.894632922,,12.237458,0.974175337,0.978379502,-0.124149547,0.852127872,,12.237458,0.874904871,0.964360425,-0.096897595,0.822735053,,12.237458,0.851983097,0.973861065,0.026695212,0.939617293
,12.284281,0.9233563,0.860276296,0.002857646,0.894673944,,12.284281,1.02900247,0.953862345,-0.070851876,0.920580532,,12.284281,1.002938318,0.928984923,-0.056237748,0.909723872,,12.284281,0.898969626,0.906706841,-0.025983128,0.876855105,,12.284281,0.810003758,0.995558225,-0.021087537,0.881693454
,12.331104,0.963881173,0.934231262,0.037138969,0.986195186,,12.331104,1.062596273,0.988239477,0.02249874,1.047916614,,12.331104,1.088963802,0.945955328,0.014687081,1.032146646,,12.331104,1.060766544,0.920224615,0.029418401,1.019913981,,12.331104,0.925470729,0.976336848,-0.066756438,0.884147351
,12.377926,1.021348823,0.975819724,0.018314613,1.016898887,,12.377926,1.02107771,0.961827931,0.019566763,1.011019584,,12.377926,1.03835408,0.958435845,0.003550551,1.001945514,,12.377926,1.05936332,0.95289119,0.019682602,1.025809858,,12.377926,1.06506034,0.923032319,-0.022413326,0.971633004
,12.424749,1.057624803,0.95160805,0.028903847,1.033520274,,12.424749,0.975618563,0.921032125,-0.036177502,0.912147842,,12.424749,0.973856952,0.950687599,-0.043552007,0.918720269,,12.424749,1.014537399,0.940230969,-0.034317618,0.943066565,,12.424749,1.077186861,0.942277452,-0.009876937,0.99985522
,12.471572,1.041177979,0.934784235,-0.003624022,0.984357085,,12.471572,0.999386484,1.019381933,-0.069538266,0.939845942,,12.471572,1.023550887,1.016148345,-0.068286175,0.951563441,,12.471572,1.04003254,0.936239185,-0.069772422,0.918363441,,12.471572,0.919157304,0.84104572,-0.065956023,0.814145489
,12.518395,0.924415379,1.027011757,0.040571842,1.01628541,,12.518395,1.050934327,1.039846094,-0.059831292,0.985558918,,12.518395,1.11242144,1.03174144,-0.085926711,0.986154729,,12.518395,1.129866282,0.964410753,-0.105377082,0.941761436,,12.518395,0.962660649,0.842734097,-0.092636573,0.8100608
,12.565217,0.926345949,1.091502545,0.08512301,1.094047257,,12.565217,1.023662801,1.01933955,0.008647898,1.030149074,,12.565217,1.039626834,0.985554327,-0.025688187,0.986902394,,12.565217,1.060165403,0.976019467,-0.048442156,0.969650279,,12.565217,1.033060998,0.915169012,-0.047990332,0.926124673
,12.61204,1.015542433,1.000697042,0.057339711,1.065459448,,12.61204,0.959318547,1.070597304,0.018415698,1.033373624,,12.61204,0.924276266,0.990650077,-0.00974956,0.947713611,,12.61204,0.931809556,1.029638535,-0.01047436,0.970249686,,12.61204,0.933432461,0.946288156,-0.001280824,0.938579485
,12.658863,1.014061733,1.04772818,0.046834902,1.077729858,,12.658863,0.971371901,1.043340118,-0.009038761,0.998317249,,12.658863,0.946572771,1.001495058,-0.01444951,0.959584404,,12.658863,0.933831385,1.022078162,-0.041276598,0.936678175,,12.658863,0.920829657,1.044473479,-0.023326992,0.959324575
,12.705686,1.000701185,1.046715034,0.034785269,1.058493379,,12.705686,1.022572894,1.034268684,-0.016622076,1.011798713,,12.705686,1.032091655,1.058215396,-0.014863353,1.030290172,,12.705686,1.012132867,1.037306654,-0.053616852,0.971102909,,12.705686,0.994332276,1.085435129,-0.045936806,0.993946897
,12.752508,1.032857137,1.090681943,-0.016641995,1.045127545,,12.752508,0.968748582,1.079113801,-0.004373545,1.019557647,,12.752508,0.994181683,1.066493983,-0.02537325,1.004964582,,12.752508,0.991342393,1.061207059,-0.02097687,1.005297855,,12.752508,0.927543018,1.005181268,0.014066302,0.980428445
,12.799331,1.127658977,1.187492912,-0.00327312,1.154302824,,12.799331,1.014207771,1.058710893,-0.003858731,1.032600602,,12.799331,1.007141326,1.010338179,-0.026093376,0.982646376,,12.799331,0.988189315,1.028215035,-0.018184274,0.990017901,,12.799331,0.839619805,0.991702579,-0.030997279,0.884663913
,12.846154,1.044078628,1.093777947,0.037294542,1.10622283,,12.846154,1.040671988,0.93625884,-0.038858011,0.949607403,,12.846154,1.021031027,0.909523535,-0.032883233,0.932394048,,12.846154,0.997787365,0.957370914,-0.019727587,0.957851552,,12.846154,0.939131878,1.063057006,-0.019031649,0.982062793
,12.892977,1.032582213,0.98829335,0.015129736,1.025567518,,12.892977,0.949731394,0.98533995,-0.065129179,0.902406493,,12.892977,0.929391619,0.922662814,-0.076826616,0.8492006,,12.892977,0.91891026,1.002986743,-0.047413053,0.913535449,,12.892977,1.043140709,1.080647672,-0.004523162,1.057371028
,12.939799,1.099076098,0.905487898,0.01395549,1.016237488,,12.939799,0.941985615,1.023948863,-0.015816999,0.96715024,,12.939799,0.916656909,0.978343898,-0.036049232,0.911451171,,12.939799,0.929139733,0.997365062,-0.017832848,0.94541955,,12.939799,1.031403264,1.071938076,-0.04793112,1.00373955
,12.986622,1.078345802,0.953690305,0.014058491,1.030076544,,12.986622,0.903587501,0.979592441,-0.002324245,0.939265727,,12.986622,0.921706442,0.971858451,-0.000970365,0.945812081,,12.986622,0.957351609,0.930176809,0.022704086,0.966468295,,12.986622,0.968534874,1.060576011,-0.025907556,0.988647887
,13.033445,1.009859413,0.986445053,-0.042750459,0.955401774,,13.033445,0.860182534,0.925472625,0.022512545,0.915340124,,13.033445,0.916110768,0.921798004,0.03470408,0.953658466,,13.033445,0.956407853,0.924580757,0.036578525,0.97707283,,13.033445,0.982986918,0.976934167,0.023248746,1.003209288
,13.080268,0.966947487,0.924614536,-0.050845837,0.894935175,,13.080268,0.853145681,0.901703989,0.035651456,0.913076291,,13.080268,0.898672608,0.910439884,0.023529134,0.92808538,,13.080268,0.929681173,0.93267709,0.031980169,0.9631593,,13.080268,0.9815913,0.889333477,0.033142046,0.968604434
,13.12709,0.962606851,0.938494547,0.008474698,0.959025398,,13.12709,0.92900665,0.898783252,0.003683704,0.917578655,,13.12709,0.937172596,0.933983472,-0.009985864,0.92559217,,13.12709,0.988968383,0.959480525,-0.01149211,0.962732344,,13.12709,0.982786729,0.911147344,-0.071152834,0.875814203
,13.173913,0.965727047,0.925588652,0.059677752,1.005335602,,13.173913,0.982863256,0.919492435,-0.002984323,0.948193522,,13.173913,0.980177189,0.938122697,0.000321852,0.959471795,,13.173913,1.011460163,0.993435649,-0.037147841,0.965300065,,13.173913,1.066567609,1.073943796,-0.089775669,0.980480033
,13.220736,0.973031791,0.990332953,0.007623972,0.989306344,,13.220736,1.017793938,0.952150241,0.032720926,1.017693015,,13.220736,1.002906752,0.936943097,0.027137947,0.997062872,,13.220736,1.000508709,0.993317884,0.00076657,0.997679866,,13.220736,1.010232346,1.147785752,-0.00383731,1.075171739
,13.267559,1.059360184,1.035384855,-0.014393632,1.032978887,,13.267559,1.029980384,0.974456323,0.012647341,1.014865695,,13.267559,0.994656812,0.97241607,0.003399336,0.986935777,,13.267559,0.996597822,0.9932293,0.023135509,1.01804907,,13.267559,0.97398504,1.065106074,0.040328493,1.05987405
,13.314381,1.042681168,0.968777014,0.038982424,1.044711515,,13.314381,0.902542395,0.960239384,0.019535555,0.950926445,,13.314381,0.912120601,0.980984835,0.017799614,0.964352332,,13.314381,0.939799934,0.944577907,0.026511815,0.968700736,,13.314381,1.005510672,0.982250338,0.020479297,1.014359802
,13.361204,1.049879114,0.96678977,0.047179558,1.055514,,13.361204,0.956574632,0.963492255,0.003305708,0.963339152,,13.361204,0.968396953,1.002943001,0.025686243,1.01135622,,13.361204,0.976146536,0.949486112,0.035690044,0.998506369,,13.361204,0.963327539,1.063941833,0.03241045,1.046045136
,13.408027,1.053072782,0.958974662,0.054005336,1.060029058,,13.408027,1.027306777,0.979068915,-0.010465287,0.992722559,,13.408027,1.047202994,1.005218581,0.049483159,1.075693946,,13.408027,1.069895507,1.004470696,0.07650948,1.113692582,,13.408027,0.98557085,1.084467955,0.102127912,1.137147314
,13.454849,0.956376638,0.966890755,0.029800033,0.991433729,,13.454849,0.916903298,0.955924913,0.03016056,0.966574665,,13.454849,0.984178921,0.942972036,0.079446573,1.043022052,,13.454849,1.030820753,0.943748106,0.104080765,1.091365194,,13.454849,0.998340826,1.001193437,0.08309576,1.082862891
,13.501672,0.956694373,0.964128396,0.019013083,0.979424468,,13.501672,0.905063203,0.927611762,0.02452846,0.940865942,,13.501672,0.959984962,0.923578872,0.071834912,1.013616828,,13.501672,0.987240525,0.913950625,0.089611648,1.040207223,,13.501672,1.02297775,0.993304422,0.023803773,1.031944859
,13.548495,1.084142706,0.984812904,0.005006942,1.039484746,,13.548495,0.927745169,0.933381093,0.000334531,0.930897662,,13.548495,0.939246195,0.921949593,0.040469952,0.971067846,,13.548495,0.967099641,0.933178521,0.064767655,1.014906736,,13.548495,1.026592193,0.976327168,0.017509099,1.018968779
,13.595318,1.095621343,0.964200915,0.017496302,1.047407431,,13.595318,0.973858026,1.007675807,-0.023227431,0.967539486,,13.595318,1.005778711,0.990391897,-0.013899407,0.984185897,,13.595318,1.029434232,0.994842096,0.044166634,1.056304798,,13.595318,0.97243921,1.010619346,0.048686742,1.04021602
,13.64214,1.055413451,0.943986285,0.040947507,1.040647375,,13.64214,1.037416167,1.033416733,0.009410773,1.044827223,,13.64214,1.073140818,1.037913365,0.004504927,1.060032018,,13.64214,1.09343369,1.021657763,0.049874713,1.10742044,,13.64214,1.094002385,1.031016704,0.095318096,1.157827641
,13.688963,1.097264251,0.98394576,0.031329262,1.071934267,,13.688963,1.068271132,1.088764769,0.021846417,1.100364367,,13.688963,1.054900218,1.080513155,0.039599207,1.107305893,,13.688963,1.095584924,1.015116059,0.032190948,1.087541439,,13.688963,1.213242034,0.904766677,0.10864955,1.167653906
,13.735786,1.009279233,1.047406078,0.035345672,1.063688328,,13.735786,1.069037452,1.117552901,0.007865854,1.10116103,,13.735786,1.03055701,1.094219405,0.017359967,1.079748175,,13.735786,1.029880686,1.044669212,0.006444131,1.04371908,,13.735786,1.220830464,0.955282846,0.081271394,1.169328048
,13.782609,0.880560101,1.100511383,-0.010787947,0.979747795,,13.782609,1.00805044,1.053704699,0.051275018,1.082152587,,13.782609,1.005904352,1.005646527,0.017967527,1.023742967,,13.782609,0.982381298,1.035014302,0.032099446,1.040797246,,13.782609,1.118411506,1.122577083,0.156403228,1.276897523
,13.829431,0.899180704,0.998177397,-0.047827954,0.900851097,,13.829431,1.106093163,1.01990507,0.078172453,1.141171569,,13.829431,1.073577578,0.981136067,0.052955056,1.080311879,,13.829431,1.070101177,0.998481434,0.052608486,1.086899791,,13.829431,1.060995825,1.005476936,0.121354593,1.154590973
,13.876254,0.947834924,0.962332409,0.017196204,0.97227987,,13.876254,1.176584594,1.05100996,0.050691541,1.164488818,,13.876254,1.122583048,1.012308899,0.048715935,1.116161909,,13.876254,1.099828294,0.984602835,0.027710663,1.069926228,,13.876254,1.072289833,1.01885201,0.00656188,1.052132802
,13.923077,0.906444553,1.044575848,0.029262262,1.004772463,,13.923077,1.058822948,1.149199608,0.046046786,1.150058063,,13.923077,1.044356203,1.08926494,0.042024629,1.1088352,,13.923077,1.060142481,1.076209549,0.027783241,1.095959256,,13.923077,1.065195421,1.097393457,0.02473392,1.106028359
,13.9699,1.007896241,1.053372281,-0.033391323,0.997242939,,13.9699,1.017440951,1.124134759,0.055498385,1.12628624,,13.9699,1.000161216,1.077935462,0.06452326,1.103571599,,13.9699,1.026907948,1.086115719,0.062068344,1.118580178,,13.9699,1.041142118,1.058211344,0.058230174,1.107906905
,14.016722,1.006510255,1.074754634,-0.018752092,1.021880352,,14.016722,1.043313146,1.068127755,0.033510391,1.089230842,,14.016722,1.065593648,1.038690264,0.05016852,1.102310475,,14.016722,1.054674575,1.009009222,0.057080948,1.088922847,,14.016722,0.996794405,1.038977621,0.031315833,1.049201846
,14.063545,0.996149199,1.145569343,0.025252806,1.096112077,,14.063545,1.047217858,1.013854099,0.081927788,1.112463767,,14.063545,1.093273737,0.969139989,0.078633627,1.10984049,,14.063545,1.053091034,0.92245821,0.05802816,1.045802782,,14.063545,1.021673571,0.960705527,0.008993364,1.000182913
,14.110368,1.070679639,1.070342473,-0.046612089,1.023898967,,14.110368,1.038257407,1.007688688,0.116696745,1.139669793,,14.110368,1.036802351,0.984058821,0.104099384,1.11452997,,14.110368,1.043841165,0.955487028,0.073904956,1.073569052,,14.110368,1.086536188,0.932955454,0.00452538,1.014271201
,14.157191,1.056347107,0.937326183,-0.027829723,0.969006922,,14.157191,1.054850338,1.034798249,0.029364089,1.074188383,,14.157191,1.045051469,1.043809653,0.003461652,1.047892213,,14.157191,1.076607598,1.05595369,-0.011911511,1.054369134,,14.157191,1.060226442,1.018492154,-0.0146806,1.024678698
,14.204013,0.968716166,0.918280794,-0.028285988,0.915212492,,14.204013,1.010956531,1.089700146,-0.033205645,1.017122694,,14.204013,0.990482553,1.108130341,-0.058519592,0.990786855,,14.204013,1.012692851,1.146651916,-0.078192058,1.001480326,,14.204013,1.008796235,1.043504585,-0.028504953,0.997645457
,14.250836,0.969431543,0.967980617,-0.06259779,0.90610829,,14.250836,1.015656582,1.076979628,-0.029767975,1.01655013,,14.250836,0.980912995,1.125331419,-0.054752839,0.998369368,,14.250836,1.037809645,1.174376728,-0.040906487,1.0651867,,14.250836,0.994497635,1.068360602,-0.030155043,1.001274076
,14.297659,0.933804131,0.98939913,-0.048001673,0.913599958,,14.297659,1.108965391,1.021667544,-0.02666635,1.038650118,,14.297659,1.081041895,1.022457415,-0.026373331,1.025376324,,14.297659,1.115307048,1.036029222,-0.017609938,1.058058198,,14.297659,0.977093446,1.055343624,0.004849649,1.021068185
,14.344482,0.955379281,1.015707279,-0.01037723,0.975166051,,14.344482,1.063109886,0.980162209,0.028887149,1.050523196,,14.344482,1.049846826,0.964566764,0.007659773,1.014866567,,14.344482,1.042398222,0.949486723,-0.034124621,0.961817852,,14.344482,0.922688614,0.961766168,-0.041860088,0.900367303
,14.391304,1.063711836,1.108297585,-0.020018094,1.065986616,,14.391304,1.004982898,1.005003671,0.029802349,1.034795634,,14.391304,0.970152568,0.998119121,0.002376092,0.986511936,,14.391304,0.972828309,1.001860508,-0.028854021,0.958490387,,14.391304,0.903026671,0.895226666,-0.032448369,0.8666783
,14.438127,1.025490709,1.039920805,-0.063740783,0.968964974,,14.438127,1.018743227,1.05463678,0.002659299,1.039349302,,14.438127,1.02095235,1.04280906,0.012711279,1.044591984,,14.438127,1.030141162,1.06704759,-0.01284974,1.035744636,,14.438127,0.919528044,0.884329648,-0.033509587,0.868419259
,14.48495,1.03863484,1.005587371,-0.0182937,1.003817406,,14.48495,1.079053163,0.992075004,-0.020516136,1.015047947,,14.48495,1.123797782,0.962923128,0.002405778,1.045766233,,14.48495,1.128760654,0.970913464,-0.000433771,1.049403288,,14.48495,1.005494296,0.853034795,-0.041988228,0.887276318
,14.531773,1.054151552,1.107894742,0.04625839,1.127281537,,14.531773,1.105244957,0.964134179,-0.049173791,0.985515777,,14.531773,1.114738107,0.90879752,-0.004774595,1.006993219,,14.531773,1.108656626,0.906287416,-0.019899561,0.98757246,,14.531773,0.992120744,0.897159213,-0.074572861,0.870067118
,14.578595,0.991607406,1.145117242,0.100095627,1.168457951,,14.578595,1.019997889,1.006109258,-0.015127161,0.997926412,,14.578595,1.021483871,0.970017184,0.021073744,1.016824271,,14.578595,1.00317193,0.961649718,-0.021403425,0.961007399,,14.578595,0.906820767,0.978836292,-0.061877906,0.880950623
,14.625418,0.981174777,1.060605694,0.126131888,1.147022123,,14.625418,0.955393398,0.969115726,0.056778414,1.019032976,,14.625418,0.954286061,0.949130999,0.080811838,1.032520368,,14.625418,0.91993375,0.944312086,0.047709754,0.979832672,,14.625418,0.891644039,1.047368788,-0.003330418,0.966175996
,14.672241,0.990061053,0.979859975,0.117935673,1.102896186,,14.672241,0.932052916,0.929134688,0.109096946,1.039690748,,14.672241,0.933857327,0.888745477,0.105716478,1.01701788,,14.672241,0.929066898,0.918356171,0.061961408,0.985672943,,14.672241,0.930222292,0.964550904,-0.01599574,0.931390858
,14.719064,0.932340732,0.957517545,0.046047048,0.990976187,,14.719064,0.969205881,0.98298953,0.065926329,1.042024035,,14.719064,0.968873107,0.937317193,0.06649319,1.01958834,,14.719064,0.976216848,0.947817809,0.038084782,1.000102111,,14.719064,1.002584333,0.804693276,-0.007908559,0.895730246
,14.765886,0.929020659,0.984531485,0.010629301,0.967405373,,14.765886,1.040375645,1.068883429,0.024454459,1.079083996,,14.765886,1.003882991,1.001440588,0.053098308,1.055760097,,14.765886,1.015049569,1.033839818,0.055125639,1.079570333,,14.765886,1.049032487,0.890747543,0.057663593,1.027553608
,14.812709,1.018399034,0.896808221,0.00231157,0.959915197,,14.812709,0.944199362,0.963524484,0.052197974,1.006059897,,14.812709,0.899501045,0.943020489,0.02585526,0.947116027,,14.812709,0.937332423,1.017859178,0.02790997,1.00550577,,14.812709,1.104414565,1.026808382,0.057794902,1.123406376
,14.859532,1.116962454,0.949148115,-0.023505845,1.009549439,,14.859532,0.908195988,0.883817325,0.058808894,0.95481555,,14.859532,0.902410439,0.869463669,0.027130307,0.913067361,,14.859532,0.913382699,0.905448674,0.012804664,0.92222035,,14.859532,1.035025761,0.993916634,-0.020133004,0.994338194
,14.906355,0.990049087,1.087226294,-0.030587838,1.008049852,,14.906355,0.997037729,0.939944283,0.01519517,0.983686177,,14.906355,1.053833748,0.894651136,0.030885414,1.005127855,,14.906355,1.046650962,0.909610875,0.012565662,0.990696581,,14.906355,0.967453745,1.024440609,-0.073353905,0.922593272
,14.953177,0.854383377,1.049514433,-0.005499725,0.946449181,,14.953177,1.051101977,0.989222851,-0.020483705,0.999678709,,14.953177,1.077652603,0.961206644,0.01485347,1.034283094,,14.953177,1.079949757,0.992437235,-0.016297505,1.019895991,,14.953177,1.011552057,1.100388413,-0.024112369,1.031857865
,15,0.933665796,1.063934752,-0.001524655,0.997275619,,15,1.031994294,0.953840527,0.004571825,0.997489235,,15,0.985246773,0.98645563,0.03690843,1.022759632,,15,1.011580019,1.006101288,0.037907091,1.046747745,,15,1.002595339,1.005960732,0.05949725,1.063775285
